is_favourite,is_nsfw,title,date,sleep_phenomena,emotion,people_in_the_media,people_i_know
No,No,UFO Sighting At Video Ezy,"January 1, 2005",,Surprise,,Family
No,Yes,Shrunken Woman Falls Down A Shower Drain,"January 1, 2005",,Fear,,
No,No,Trapped With Gromit In My Bedroom,"January 1, 2005",Trapped In A Dream,Fear,Gromit,
No,No,Woman Journeys Through A Cave System-like Organism,"January 1, 2005",Nightmare,Fear,,
No,No,Carnivorous Plant Attacks A Woman In A Lab,"January 1, 2005",Nightmare,Fear,,
No,No,Warning Against Satan,"January 1, 2005",,Surprise,,
No,No,Trapped In A Dream With Ratchet's Star Explorer,"January 1, 2008",Trapped In A Dream,Fear,,
No,No,Circling Birds Hallucination,"January 1, 2008",Hallucination,Surprise,,
No,No,Gorilla Face Hallucination,"January 1, 2008",Hallucination,Surprise,,
No,No,Grade Two Mud Homework,"January 1, 2008",,Happy,,Mrs Wardle
Yes,No,Self-Aware Sleep Talking,"January 1, 2010",Half-asleep,Fear,,Family
No,No,Unit Robbed,"January 1, 2010",,Fear,,Family
No,No,Giant Spider Under A Rock,"January 1, 2010",Nightmare,Fear,,
No,No,Magic Soda Bottle Creates Money,"January 1, 2010",,Happy,,
No,No,Crawling Across A Skyscraper Skywalk,"January 1, 2013",,Fear,,
No,No,Lost In The Ocean And Following Stars Back To Land,"January 1, 2013",,Surprise,,
No,Yes,Violent Alien Abduction,"January 1, 2013",Nightmare,Fear,,
No,No,Hiding From Slenderman On The Sofa,"January 1, 2013",,Fear,Slenderman,
No,No,Mum Killed In An Earthquake,"January 1, 2013",,Sad,,Family
No,No,Angel Shields Me From Soldiers,"January 1, 2013",,Fear,,
No,No,Minecraft PS1 Port,"January 1, 2013",,Happy,,
No,No,Local Park Music Concert,"January 1, 2013",,Happy,,
No,No,Waiting For God’s Second Coming,"January 1, 2013",,Anticipation,,
No,No,Perfectly Driving Mum's Car,"January 1, 2013",,Happy,,
Yes,No,Memory Reset Experiment,"January 1, 2013",,Sad,,
No,No,Foam Block Currency,"January 1, 2013",,Surprise,,
No,No,Promoted To Admin In A Towny Minecraft Server,"January 1, 2014",,Happy,,RobyWounder
No,No,Becoming A Millionaire Via The Stock Market,"January 1, 2014",,Happy,,
No,No,Neighbourhood Replaced With A Rice Processing Plant,"January 1, 2014",,Sad,Owen Wilson,
Yes,No,Disembodied Voice Gives Bad Prophecies,"January 1, 2014",,Fear,,
No,No,Escaping A Kidnapping,"January 1, 2014",,Fear,,
No,No,Finding Jayba Who Ran Away,"January 1, 2014",,Surprise,,Family
No,Yes,Sleeping Beside Dying Elderly People,"January 1, 2014",,Fear,,
No,No,Entering A Portal And Becoming Someone Else,"January 1, 2014",,Sad,,
Yes,Yes,Women Escape A Kidnapping,"January 1, 2014",,Fear,,
No,No,Deranged Man At The Front Door,"January 1, 2014",,Fear,,
Yes,No,Backyard Units Modernized,"January 1, 2014",,Sad,,
No,No,Obstacle Course To Heaven,"January 1, 2014",,Sad,,
No,No,Bathtub Blood Ritual Gone Wrong,"January 1, 2014",,Fear,,
No,No,Sick Neighbour Dragged On A Tricycle By Their Mum,"January 1, 2014",,Surprise,,"? Mico's Mum, Mico"
No,No,Metal Arms Gameover Screen,"February 12, 2014",,Sad,Glitch,
No,No,Robots Assault A Sci-Fi Base,"January 1, 2015",,Surprise,,
No,No,Flying With Rocket Boots,"January 1, 2015",,Happy,,
No,No,Falling Asleep On The Sofa,"January 1, 2016",False Awakening,Surprise,,Family
No,No,Obstacle Course And Cooking Gameshow,"January 1, 2016",,Happy,,
No,No,Shrapnel Pierces A Soldier's Brain,"January 1, 2016",Nightmare,Fear,,
No,No,Fingernail Hygiene Clinical Trial,"January 1, 2016",,Fear,,
No,No,Soldiers Defend A Desert Fortress,"January 1, 2016",,Fear,,
No,No,Flying With A Solar Surfer,"January 1, 2016",,Happy,,
No,No,Neighbour Shoots My Brother With A Shotgun,"January 1, 2016",,Fear,,"? Neighbour, Family"
No,Yes,Standing Beside Naked People,"January 1, 2016",,Embarrassment,,
No,No,Jayba’s Educational Journey On An Island,"January 12, 2016",,Happy,,Family
No,No,Videogame About Disabling A Security System To Enable PVP,"January 1, 2017",,Happy,,
No,No,Newspaper Geography Competition,"January 1, 2017",,Surprise,,
No,No,Raptured To A Dystopian Heaven,"January 1, 2017",,Surprise,,Family
No,No,Escaping Police At My Unit,"January 1, 2017",,Fear,,
No,No,Drawing An Anime Woman,"January 1, 2017",,Surprise,,
No,No,Witch Forest Ritual,"January 1, 2017",,Surprise,,
Yes,No,Self-replicating Metal Bars Fill The Universe,"January 1, 2017",Nightmare,Fear,,
No,No,Armed Teenagers Drive Down The Street,"January 1, 2017",,Fear,,
Yes,No,Entering A Posthumanism Indoctrination Facility,"January 1, 2017",,Fear,Satan,Brooke A
No,No,Questioning Why Christians Are Joyful,"January 1, 2017",,Sad,,
Yes,No,Rejected Experimental Robot Conquers Earth,"January 1, 2017",,Fear,,
No,No,Questioning Who God Knew Before Creation,"January 1, 2017",,Surprise,God,
Yes,No,Confessing Sins During WW3,"January 1, 2017",Nightmare,Fear,,Family
Yes,No,Rescuing God From A Demonic Obelisk,"January 1, 2017",,Fear,God,"Dejan C, Michael C"
Yes,No,Hesitant To Leave The Only Known City In Existence,"January 1, 2017",,Fear,,
No,No,Neighbourhood Nuked,"January 1, 2017",Nightmare,Fear,,Family
No,No,Cube UFOs Hover In The Sky,"January 1, 2017",,Surprise,,
No,No,Therapist Discusses Jayba’s Death,"March 24, 2017",,Sad,,Family
No,No,Escaping A Strict School Gone Wrong,"January 1, 2018",,Fear,,
No,No,Levitating By Tensing My Ankle Muscles,"January 1, 2018",,Surprise,,
No,No,Escaping A Witch In The Sewers,"January 1, 2018",,Fear,,
Yes,No,Haunted Church Funeral,"January 1, 2020",,Fear,Grim Reaper,
No,No,Visiting A Veteran Resort Gone Wrong,"January 10, 2020",,Fear,,"Family, Mr Broadway, Mrs Itsikson"
No,No,Traveling To A Family Musical Misadventure,"January 11, 2020",,Happy,,"Family, Rhiannon C"
No,No,Walking Through An Arboretum Full Of Magpies,"January 11, 2020",,Fear,,
No,No,Sliding To Church Gone Wrong,"January 11, 2020",,Embarrassment,,
No,No,Romans Find A Shipwreck,"January 11, 2020",,Fear,,
No,No,Kidnapped By A Businessman To Demo A Cleaning Product,"January 11, 2020",,Surprise,,
No,No,Investigating Sleeping Clones Of My Dad,"January 11, 2020",,Surprise,,Family
No,No,Haunted Mannequin Outside Church,"January 25, 2020",,Fear,,Family
No,No,Visiting A 20 Storey Shopping Mall,"January 25, 2020",,Fear,,Family
No,No,Misleading Free Coca Cola Advertisement,"July 10, 2020",,Sad,,Julien C
No,No,Discussing God’s Eternal Vigilance With Elderly People,"July 10, 2020",,Surprise,,Julien C
No,No,Alien Spider Survival,"July 10, 2020",,Happy,,
No,No,McDonald's Free Food Exploit Gone Wrong,"September 19, 2020",,Sad,,"Family, Julien C"
No,No,Driving A Car With An Xbox Kinect Gone Wrong,"September 19, 2020",,Embarrassment,,
No,No,Held Hostage In A Remote Foster Home,"September 19, 2020",,Fear,,
Yes,Yes,Rescuing My School From Terrorists,"November 2, 2020",,Happy,,
No,No,Chased By Orcs Into A Demonic Cave,"November 2, 2020",,Fear,,
No,No,Aliens Infiltrate Area 51,"November 2, 2020",,Fear,,
No,No,School Award Ceremony Heist,"November 23, 2020",,Happy,,Mr Nathan
No,No,Chased By A Shapeshifting Velociraptor,"November 23, 2020",,Fear,,
No,No,Curfew Outside My Unit,"December 9, 2020",,Fear,,
No,No,Attacked By A Deranged Neighbour,"December 9, 2020",,Fear,,
No,No,PewDiePie Moves Into My Neighbourhood,"December 9, 2020",,Embarrassment,PewDiePie,
No,No,Ghost Trips People In The Supermarket,"December 17, 2020",,Fear,,
No,No,Depressed Freelance Power Washer Quits Early,"December 17, 2020",,Sad,,Family
No,No,Fencing Excursion Gone Wrong,"December 17, 2020",,Fear,,
No,No,Managing An Amusement Park Gone Wrong,"December 17, 2020",,Happy,"Jimmy Neutron, Tommy Pickles",
No,No,Commercial Airliner Crashes Outside,"January 1, 2021",,Fear,,
No,No,Demons Hide Objects,"January 1, 2021",,Fear,,
No,No,Hiding In A Safehouse From Prehistoric Creatures,"January 1, 2021",,Fear,,
No,Yes,Upsetting Criminals Playing Cricket,"January 7, 2021",,Fear,"Aleksandr Orlov, James Sullivan, Mrs Claus, Santa, Sergei Orlov",Family
No,No,Draining A Car Fuel Tank Gone Wrong,"January 28, 2021",,Fear,,Family
No,No,Squad Assaults Futuristic Fortress,"January 28, 2021",,Happy,,
No,No,Bullet Ricochet Self-Defence Training,"January 28, 2021",,Fear,,Dejan C
No,No,Hospital Tentacle Monster,"May 7, 2021",,Fear,,
Yes,No,Hawaii Vacation Gone Wrong,"November 25, 2021",,Anger,,Family
Yes,No,Attacked By A Werewolf And Self-Replicating Nanobots,"December 2, 2022",,Fear,MatPat,
No,No,Military Jets Attack Civilians During A Blackout,"December 2, 2022",,Fear,,
No,No,Line Art Of Primary School,"January 1, 2023",,Surprise,,
No,No,Spies Playground Heist Gone Wrong,"January 10, 2023",,Happy,,
No,No,Autistic Brother Runs Away From Home,"January 10, 2023",,Fear,,
Yes,Yes,Summoning A Demon Gone Wrong,"February 6, 2023",Nightmare,Fear,Sam And Colby,"Dejan C, Julien C, Michael C"
No,No,Filming A Burger King Commercial Gone Wrong,"September 19, 2023",,Happy,,
No,No,Demonic Fortune-telling For World Leaders,"September 19, 2023",,Fear,,
No,No,Attacked By Strangers During A Walk,"September 19, 2023",,Fear,,
No,No,Authoritarian Escape Room Facility,"October 24, 2023",,Fear,,Family
No,No,Scavenging An Abandoned Underground Facility,"November 29, 2023",,Fear,,
No,No,Gorilla Yelling,"January 1, 2024",Microdream,Anger,,
Yes,No,Architecture Excursion Gone Wrong,"January 1, 2024",,Sad,Alexander Armstrong,
No,No,Infiltrating A Terminator Lair With A Hot Air Balloon,"January 3, 2024",,Fear,,
No,No,Woody Is Framed And Hides In A Zoo,"January 5, 2024",,Fear,"Mrs Tweedy, Sheriff Woody",
No,No,Shrunken Submarine Inside A Human Body,"January 16, 2024",,Fear,,
Yes,No,Preaching A Self-control Sermon,"January 16, 2024",,Bold,,
No,Yes,Refugees Flee An Evil Military,"January 19, 2024",,Fear,Jackie Chan,
No,No,Heavy Fuels A Train To Escape Dragons,"January 22, 2024",,Fear,Heavy,
No,No,Poltergeist Scares A Baby,"February 16, 2024",,Anger,,
No,Yes,Evil Talking Dog Tortures A Cat,"February 16, 2024",,Fear,,
No,No,Mecha Army Raids An Alien Fortress,"February 20, 2024",,Fear,Leon Kennedy,
No,No,Stopping A Runaway Parked Coca-Cola Truck,"February 20, 2024",,Surprise,,
Yes,No,Universe's Fate Songs,"March 14, 2024",,Sad,,
No,No,Visited By Green Twin Girls,"March 14, 2024",,Fear,,Family
No,No,Chased By A Wooden Effigy At A Bus Stop,"March 16, 2024",,Fear,,
No,No,Reviewing A Restaurant Using A Spoon,"March 17, 2024",,Surprise,,
No,No,Hostage Negotiation Temporary Swap,"March 17, 2024",,Fear,,
No,No,Neighbourhood Death Games By Aliens,"March 17, 2024",,Fear,,
No,No,Air Show Tricks Gone Wrong,"April 4, 2024",,Fear,,
No,No,Purchasing A Rapper's Necklace,"April 4, 2024",,Surprise,,
No,No,Escaping A Death Cult,"April 4, 2024",,Fear,God,Family
No,No,TV Presenters Discuss A Sex Scandal Gone Wrong,"April 4, 2024",,Surprise,,
No,No,Showing Up On The Wrong Day For A University Banquet,"April 18, 2024",,Sad,,
No,No,Superhero Live Meet And Greet Mask Feedback,"April 18, 2024",,Surprise,Willem Dafoe,
No,No,Confused By Physics Class,"April 18, 2024",,Sad,,"Brooke A, Patrick M"
No,No,Trolling Game Moderators Atop A Tall Building,"April 18, 2024",,Happy,,
No,No,Hazmat Crew Cleans The School Toilets,"April 18, 2024",,Surprise,,
No,No,Finding Old Photographs In A Backpack,"April 19, 2024",,Fear,,
No,No,Accidentally Drinking Delicious Alcohol,"April 19, 2024",,Surprise,,Family
No,No,Shrek Ferry Ride Scam,"April 24, 2024",,Anger,Gordon Ramsay,Family
No,No,Spaceship Carrier Assault,"May 7, 2024",,Happy,,
No,No,Soldiers Defend A Shopping Mall From Zombies,"May 7, 2024",,Fear,,
No,No,Entering The “Cloud 59” Parallel Dimension,"May 21, 2024",Nightmare,Fear,,Family
No,No,Trip To A Honey Factory And Festival Cart Ride,"May 28, 2024",,Happy,,Family
No,No,Soda Cup Toss Challenge Sports Day,"June 11, 2024",,Happy,,Family
No,No,Winning A MrBeast Gameshow,"June 15, 2024",,Happy,MrBeast,
No,No,Deformed Monster At The Front Door,"June 19, 2024",,Fear,,Family
Yes,Yes,Father Turns A Miscarriage Into A Cyborg,"June 19, 2024",,Fear,,
No,No,Solving Hotel Puzzles To Reach “Heaven”,"July 5, 2024",,Happy,,
Yes,No,Ignoring A Roadside Fire,"July 6, 2024",,Sad,,Family
No,No,Tuxedoed Crowd Hypnotized By A Presentation,"July 7, 2024",,Fear,,
No,No,Scary Sushi Impossible Difficulty,"July 9, 2024",,Happy,"Hiroshi Kimura, Norman",
No,No,Flying To A Recruitment Centre Gone Wrong,"July 18, 2024",,Fear,,
No,No,Woman Carelessly Throws A Wallet Into Tall Grass,"August 3, 2024",,Anger,,
No,No,Hunting A Yeti Gone Wrong,"August 17, 2024",,Fear,,
No,No,Travelling Across A Volcanic Island Gone Wrong,"August 17, 2024",,Fear,,
No,No,Rectangle Jumping Arcade Game,"September 2, 2024",,Happy,,
No,No,Hotel Backrooms With A Vine And Statue Monster,"September 2, 2024",,Fear,,
No,No,Hall Seating Construction Gone Wrong,"September 6, 2024",,Fear,,"Brooke M, Jared K"
No,No,Occult Meeting Gone Wrong,"September 25, 2024",,Fear,,
No,No,Magical Teacher Saves Remote Students,"September 30, 2024",,Anger,Jodie Whittaker,
No,Yes,Rushed To Visit An Equestrian Showground,"October 4, 2024",,Embarrassment,,Family
No,No,Police Investigate An Abandoned Truck,"October 4, 2024",,Fear,,
No,No,Squirting A Water Bubbler Back At Rude Girls,"October 5, 2024",,Anger,,? Indian Student
No,No,Exposing Plane Fuel Scam,"October 16, 2024",,Surprise,,
No,No,Indigenous Themed Sports Day,"October 16, 2024",,Sad,,Julien C
No,No,Fighting A Giant Merman In Greek Ruins,"October 17, 2024",,Happy,,
No,No,Dad Outruns The Police To Renew A Government Form,"October 17, 2024",,Happy,,Family
No,No,Rebuilding A Sci-Fi RTS And Platformer,"October 17, 2024",,Happy,,
No,No,Ghost Hunting At 3AM,"November 26, 2024",,Fear,,Tabitha
No,No,Escaping An Authoritarian Death Game Facility,"November 26, 2024",,Fear,,Dejan C
No,No,Swamp Construction Workshop,"December 11, 2024",,Happy,,
No,No,Good Mafia Vs Bad Mafia,"December 11, 2024",,Surprise,,
No,No,Kids Compete In An AI Image Generation Challenge,"December 16, 2024",,Happy,,
No,No,A Robot Sends A Child To Spy On Me,"December 16, 2024",,Fear,,Family
Yes,Yes,The Man-child And The Rise Of Nazi Germany,"December 19, 2024",,Fear,,Julien C
Yes,No,The Heart's Desire,"December 29, 2024",,Surprise,,
No,No,Discovering A Hole In My Forehead,"January 1, 2025",,Fear,,
No,No,Mistakenly Thinking There Was A Demon In An Apartment,"January 1, 2025",,Fear,,
No,No,A Hotel Gives Me Corn Chips For My Birthday,"January 1, 2025",,Surprise,,Family
Yes,No,Fascist Anti-Dictator Propaganda Commercial,"January 13, 2025",,Anger,,
No,No,Fighting China On A World Map,"January 13, 2025",,Sad,,
No,No,Forfeiting A Gun Duel,"January 14, 2025",,Fear,,
No,No,Cockroaches Infest A Tall Building,"January 14, 2025",,Fear,,
No,No,Nose Piercing With A Vehicle Gone Wrong,"January 15, 2025",Nightmare,Anger,,
Yes,No,Man Dies While Fighting The Mafia And Goes To Hell,"January 15, 2025",,Surprise,Saxton Hale,
No,No,China Invades Australia,"February 4, 2025",,Fear,,
No,No,Blue Aliens Visit Earth To Showcase Their Lazer Eyes,"February 5, 2025",,Happy,,
No,No,Liam Dresses Like Elvis And Sings In Front Of The School,"February 7, 2025",,Happy,,Liam B
No,No,Surviving In A Basement From Monsters,"February 7, 2025",,Fear,,
No,No,Attacked By A Crazy Old Woman And Deformed Dog,"February 8, 2025",Nightmare,Fear,,Family
No,No,Firearm Training At School And Satan’s Challenge,"February 11, 2025",,Fear,"Donald Trump, Satan",
No,No,Police Island Shootout,"February 11, 2025",,Sad,"Logan Paul, MrBeast",
Yes,No,Stranger Questions My Mother's Old Age,"February 15, 2025",,Sad,,Family
No,No,Teenager Ski Jump Gone Wrong,"February 17, 2025",,Sad,,
No,No,Lazer Tag At A Floating Obstacle Course And Castle,"February 18, 2025",,Happy,,
Yes,No,University Lecture Excursion Gone Wrong,"February 19, 2025",,Sad,,"Mrs Brown, Sarajah"
Yes,No,Discovering A Fake Parade Audience,"February 20, 2025",,Surprise,,Family
No,No,Minecraft Pyramid Obstacle Course,"February 21, 2025",,Happy,,
No,No,Storm Drenches Clothes Left In The Backyard,"February 21, 2025",,Surprise,,"Dona, Family"
No,No,Art Museum Excursion Gone Wrong,"February 28, 2025",,Happy,,
No,No,Barge And Casino Heist Gone Wrong,"February 28, 2025",,Fear,,
Yes,No,Dissatisfied With University And Abused By Staff,"March 4, 2025",,Anger,,"Dejan C, Tom B"
No,No,Helping A Woman Cross A Conveyor Belt Bridge,"March 5, 2025",,Happy,,
No,No,Troublesome Child At A Water Theme Park,"March 5, 2025",,Surprise,,Family
No,No,Disappointed With New School Sports Uniforms,"March 8, 2025",,Sad,,"? Levi's Brother, Mrs Itsikson"
No,No,Rescuing Party Guests From A Gas Attack Gone Wrong,"March 20, 2025",,Fear,,
No,No,Soldiers Defend A City From Invading Helicopters,"March 20, 2025",,Fear,,
No,No,Bad Neighbours Move Out Gone Wrong,"March 22, 2025",,Fear,,Family
No,No,Riding A Robocraft Chassis,"March 23, 2025",,Happy,,
No,No,Escaping An Island From An Invading Navy,"March 29, 2025",,Fear,,
No,No,Kicked Out Of The Children’s Swimming Pool,"April 1, 2025",,Sad,,
No,No,Winning $5 Million In Beast Games,"April 1, 2025",,Happy,MrBeast,
No,No,Hardcore Videogame,"April 4, 2025",,Happy,Vanoss Crew,
No,No,Food Court Excursion Gone Wrong,"April 5, 2025",,Surprise,,Rhiannon C
No,No,Storm Drenches Clothes Left Outside,"April 7, 2025",,Sad,,Family
No,No,Staying At A Girl’s House Gone Wrong,"April 7, 2025",,Fear,,
No,No,School Sports Captain Becomes An Engineer,"April 11, 2025",,Sad,,
No,Yes,Corrupt Vet Arrested For Cat Abuse,"April 11, 2025",,Anger,,
Yes,No,Questioning God During A Cavalry Ambush,"April 12, 2025",,Sad,,
No,No,Fighting A Decepticon In A Mecha,"April 14, 2025",,Anger,,
No,No,Fighting Aliens On A Cruise Ship,"April 14, 2025",,Fear,,
No,No,Rescuing A Sinking Cruise Ship,"April 16, 2025",,Surprise,MacGyver,
No,No,Fleeing Zombies Outside A Shopping Mall,"April 16, 2025",,Fear,,Family
No,Yes,Murdering A Friend Over Beating Their Wife,"April 26, 2025",,Sad,Jesus,
Yes,No,Engineering Class Orientation Gone Wrong,"April 28, 2025",,Sad,,
Yes,No,Cooking Class Orientation Gone Wrong,"April 28, 2025",,Fear,,
Yes,No,Astronaut Finds An Automated Planet Gone Wrong,"April 29, 2025",,Fear,James Carter,
No,No,Evacuating A Super Tornado,"May 1, 2025",,Fear,,
Yes,No,Confronting An Abusive Substitute Teacher,"May 1, 2025",,Anger,,
No,No,Watching The Minecraft Movie Gone Wrong,"May 2, 2025",,Sad,,Family
Yes,No,Simultaneous Church Services Disrupt Each Other,"May 7, 2025",,Anger,,
No,No,Moving A Haunted Painting Gone Wrong,"May 14, 2025",,Sad,,
No,No,Zombie Prop Hunt Gone Wrong,"May 22, 2025",,Fear,,
Yes,No,Attending A Christian Meeting About Church Decline,"May 23, 2025",,Anger,,
No,No,Japanese Eating Game Show Gone Wrong,"May 23, 2025",,Happy,,
No,No,Trolled On Omegle By A Fat Man Pretending To Be A Girl,"May 24, 2025",,Fear,,Family
No,No,Questioning The Age Of An Ancient Robot,"May 26, 2025",Microdream,Surprise,,
Yes,No,Road Trip Adventure Reflection,"May 27, 2025",,Sad,,
No,No,Superstorm Drives Crocodiles Into Populated Areas,"May 27, 2025",,Fear,,
No,No,Getting An X-Ray In An Abandoned Hotel,"May 29, 2025",,Fear,,Family
No,No,Delegating A Generator Efficiency Task,"June 5, 2025",,Happy,,
No,No,Considering Switching To An Engineering Degree,"June 11, 2025",,Sad,,
No,No,Haunted Mansion Investigation Gone Wrong,"June 11, 2025",,Fear,,
No,No,Extreme Swimming Lessons Gone Wrong,"June 18, 2025",,Fear,,Julien C
No,Yes,Enemy Base Infiltration Gone Wrong,"June 20, 2025",,Fear,,Julien C
No,No,Cars Towed Away By A Homicidal Alien,"June 21, 2025",,Fear,,Family
No,No,Winning Art Competition,"June 21, 2025",,Sad,,"Katherine P, Mrs Brown"
No,No,Delivering Food To Charity By Boat,"June 26, 2025",,Happy,,
No,No,Voting To Hear Students Rap,"June 26, 2025",,Sad,,
No,No,Courthouse RTS,"July 2, 2025",,Surprise,"Bowler Hat Guy, DOR-15",
No,No,Shopping Mall Zombie Lockdown Survival,"July 3, 2025",,Fear,,
Yes,No,Exposing Demons In A Christian School,"July 3, 2025",,Surprise,,Sarajah
No,No,Makeshift Gym Electricity Experiment,"July 5, 2025",,Surprise,,Family
No,No,Last Day Of Primary School Gone Wrong,"July 9, 2025",,Sad,,
No,No,Industrial Room Team Deathmatch,"July 16, 2025",,Fear,,
No,No,Western Roleplay Excursion Gone Wrong,"July 17, 2025",,Sad,,
No,No,Reflecting On My Apeirophobia,"July 18, 2025",,Happy,"Alan Seawright, CaseOh, Jonathan Decker",
No,No,A Man Sings A Call To Repentance,"July 18, 2025",,Surprise,,
No,No,Outsmarting An Insurance Scammer,"July 18, 2025",,Happy,,
No,No,Robot Cleans Up Cow Poo,"July 18, 2025",,Happy,,
No,No,Hide And Seek Art Gallery Misadventure,"July 19, 2025",,Surprise,,"? Co Art Teacher, ? Indian Student"
No,Yes,Dad Accidentally Clicks On A Disguised Porn Video,"July 29, 2025",,Surprise,,Family
No,No,Alex Jones Dies At 60,"August 1, 2025",,Sad,Alex Jones,
No,No,Avoiding Gunmen In A Carpark,"August 6, 2025",,Fear,,Family
No,No,Workers Enslaved By AI Carry Pipes To Germany,"August 6, 2025",,Surprise,,Family
No,No,Unnoticed Villain At A Family Musical,"August 6, 2025",,Surprise,,Family
No,No,Bad Teenagers Cause Chaos In My Neighbourhood,"August 7, 2025",,Fear,,Family
No,No,"Revisiting The Studio In Sheep, Dog 'n' Wolf","August 8, 2025",,Sad,,
No,No,Russia Invades Australia,"August 12, 2025",,Fear,,
No,No,Playing With Bricks Gone Wrong,"August 20, 2025",,Surprise,,
No,No,Waiting For A Swimming Assessment,"August 23, 2025",,Sad,,
No,No,Hardcore Zombie Wave Survival,"August 24, 2025",,Fear,,
No,No,"Family Friendly ""Deathrun"" Obstacle Course","August 26, 2025",,Surprise,,Family
No,No,Friends Interrupt My Christian Infographic,"August 29, 2025",,Sad,,Family
No,No,Mum Wins A MrBeast Gameshow,"August 30, 2025",,Fear,MrBeast,Family
No,No,Cleaning Houses Gone Wrong,"September 5, 2025",,Fear,,"Angus, Family"
No,No,Reenabling Sofa Cushions,"September 5, 2025",,Surprise,,Family
No,No,Surviving A Village Run By Psychopaths,"September 12, 2025",,Fear,,
No,Yes,Dad Makes A Cake Out Of Honeycomb,"September 16, 2025",,Disgust,,Family
Yes,No,Confronting Marijuana Addicts,"September 17, 2025",,Sad,,
Yes,No,Following A Light Into A Void Gone Wrong,"September 17, 2025",Nightmare,Fear,,
No,No,Chinese Market Gone Wrong,"September 22, 2025",,Anger,,Family
No,No,Racing In A Car At Night,"October 4, 2025",,Fear,,Family
No,No,Building A Bunker To Survive Bombers,"October 6, 2025",,Fear,,Family
No,No,Reunion With Julien Gone Wrong,"October 13, 2025",,Sad,,Julien C
No,No,Building A Stone Shoe Statue,"October 23, 2025",,Anger,,
No,No,Regretting Music Classes,"November 1, 2025",,Sad,,
No,No,Confronting Child Thieves,"November 4, 2025",,Anger,,
No,No,Casual Christian Meetup,"November 4, 2025",,Embarrassment,,Family
No,No,Chased By A Tripod Alien,"November 4, 2025",,Fear,,Family
No,No,Sushi Warehouse Buffet Excursion,"November 6, 2025",,Fear,,
No,No,Repelling Trespassers With Water,"November 8, 2025",,Anger,,
No,No,Dad's Brother Assaults My Sister During The Night,"November 14, 2025",,Fear,,"Family, Jack R"
Yes,No,Encountering Strangers On A Coastal Road Gone Wrong,"November 15, 2025",,Fear,,Family
No,No,The Flintstones During The Great Depression,"November 20, 2025",,Surprise,"Barney Rubble, Fred Flintstone",
No,No,Red Rooster 51st Anniversary Gone Wrong,"November 20, 2025",,Surprise,,Family
No,No,Training To Become A Submariner,"November 21, 2025",,Surprise,,
No,No,Late For Exams,"November 29, 2025",,Fear,,Family
No,No,Winning Big On A Coin Pusher,"December 3, 2025",,Happy,,
No,Yes,Water Park Excursion Gone Wrong,"December 4, 2025",,Fear,,"Jayden M, Mrs Brown, Steven M"
Yes,No,Winning A Lamborghini On A MrBeast Gameshow,"December 12, 2025",,Surprise,MrBeast,
No,No,Driving Along Narrow Paths Gone Wrong,"December 26, 2025",,Fear,,Family
Yes,No,Group Assessment About Doomscrolling Gone Wrong,"December 31, 2025",,Fear,,
No,No,A Band Plays Music For God Over Billions Of Years,"January 3, 2026",,Surprise,God,
No,No,Host Introduces The Mark Of The Beast,"January 13, 2026",,Fear,IShowSpeed,Family
No,No,Mocking The 5G Internet Tram,"January 14, 2026",,Happy,,
No,No,Children Electrocuted By Balloons Touching Power Lines,"January 14, 2026",,Fear,,
No,No,Erika Kirk Debates Charlie Kirk's Assassination,"January 15, 2026",,Sad,Erika Kirk,
No,No,Winning An Airsoft Battle Against Soldiers,"January 15, 2026",,Happy,,
No,No,Black Liquid In A Plastic Bottle Turns Into A Giant Monster,"January 17, 2026",,Fear,,
No,No,Meeting With My Ex-Girlfriend,"January 19, 2026",,Fear,,Family
No,Yes,Secret Urine Collection Experiments In The Men's Restroom,"January 20, 2026",,Disgust,,
No,No,Moving Into A Questionable Refurbished Heritage Apartment,"January 20, 2026",,Sad,,
No,No,Attending A Class With A Strict Asian Substitute Teacher,"January 21, 2026",,Fear,,
No,No,Creating A Metal Arms Wave-Based Survival Videogame,"January 22, 2026",,Happy,,
No,No,Escaping Police Trying To Arrest My Family For Watching A Movie,"February 2, 2026",,Fear,,Family
No,No,Trolling Players In A War Tycoon,"February 3, 2026",,Happy,,
No,No,Finding An Elevator That Creates Infinite Virtual Worlds,"February 7, 2026",,Surprise,,
Yes,No,Dash Infiltrates A Covert Cult Undercover,"February 8, 2026",Nightmare,Fear,,
No,No,Chased By A Wooden Effigy To A Skyscraper,"February 19, 2026",,Fear,,Michael C
No,No,Looking At A Shadow Being Outside The Window,"February 25, 2026",,Surprise,,Family
No,No,Realizing That I Have Eight Fingers And Toes,"February 27, 2026",,Surprise,,
No,No,Applying For An Action Hero Movie Scene Internship,"March 5, 2026",,Surprise,Ben Shapiro,
No,No,My Cousins Stay Over For A Week,"March 6, 2026",,Fear,Sheriff Woody,Ruth K
No,No,Entering A School Assembly While A Teacher Tries To Conduct A Survey,"March 8, 2026",,Anger,,
No,No,Discovering Non-Alcoholic Orange Flavoured Beer Created By Optus,"March 9, 2026",,Fear,,
No,No,Seeing The Heads Of Freddy And Chica Outside A House,"March 11, 2026",,Fear,"Chica, Freddy Fazbear",
No,No,Living Inside An African Town Enslaved By A Dictator,"March 11, 2026",,Surprise,,
No,No,Investing In The Stock Market Gone Wrong,"March 25, 2026",,Fear,,
No,No,Excursion To A Department Store Gone Wrong,"March 25, 2026",,Fear,,
No,No,Noticing Melanoma On My Leg,"March 29, 2026",,Fear,,Dejan C
No,No,Video Game About Shooting Terminators,"April 3, 2026",,Surprise,,
No,No,"Video Game About Defeating Skeletons, Mutants, And Zombies In An Egyptian Pyramid","April 3, 2026",,Surprise,,
No,No,Attending A Videogame Workshop Gone Wrong,"April 4, 2026",,Sad,,
No,No,Playing A Military Videogame About Using The Correct Units,"April 6, 2026",,Surprise,,
Yes,No,Excursion To Create A New Product Gone Wrong,"April 8, 2026",,Embarrassment,,"Bianca D, Thomas R"
No,No,Playing Minecraft With My Cousins And Installing A Giant Robot Mod,"April 10, 2026",,Fear,,"Gabbie K, Mercedes K"
No,No,Seeing Alien Pyramid Drones In The Sky At Night,"April 12, 2026",,Surprise,,
No,No,Playing A Videogame About Strategically Robbing Houses,"April 13, 2026",,Fear,,
Yes,No,Escaping A Psychiatric Ward And Fantasying About Being A Former Student,"April 16, 2026",,Surprise,,
No,No,Cleaning Up Popcorn Gone Wrong,"April 25, 2026",,Sad,,
No,No,A Missing Tech Influencer Makes A Comeback,"April 27, 2026",,Surprise,Gabe Newell,
No,No,Mobile Task Force Sent To A Science Lab Overrun By Monsters Gone Wrong,"May 5, 2026",,Fear,,
No,No,Attending A Next Generation Cruise Ship Gone Wrong,"May 6, 2026",,Surprise,,
No,No,FNAF Animatronics In A Supermarket Attack Customers,"May 12, 2026",,Surprise,"Bonnie, Chica, Foxy, Freddy Fazbear",
No,No,Angry At A Math Teacher For Teaching History Not Math,"May 14, 2026",,Anger,,
No,No,A Magical Plant In The Backyard Grows Steaks,"May 16, 2026",,Embarrassment,,
No,No,Rescuing Clothes Outside During A Surprise Flood,"May 16, 2026",,Surprise,,
No,No,Secret Agents Flee A Store Held Hostage By Criminals,"May 19, 2026",,Fear,,
No,No,Failing To Find An Injured Cat,"May 20, 2026",,Sad,,Family
No,No,Playing A Wacky RTS Videogame,"May 22, 2026",,Surprise,,
No,No,Enslaved In An Underground Desert Facility,"May 22, 2026",,Surprise,,
No,No,Left Behind During The Rapture,"May 25, 2026",,Fear,,Family
No,No,Playing Hide And Go Seek At A Playground Gone Wrong,"May 25, 2026",,Sad,,
No,No,Playing Hide And Go Seek At A Rural Road Gone Wrong,"May 25, 2026",,Surprise,,
No,No,Preparing To Move Out Gone Wrong,"May 27, 2026",,Sad,,Family
No,No,Scared By A Cockroach On My Shoulder During A DIY Project,"June 2, 2026",Nightmare,Fear,,
No,No,Playing A Videogame With Random Survival Horror Scenarios,"June 3, 2026",,Fear,,
No,No,Spaceship Flees A Giant Tentacle Monster,"June 4, 2026",,Fear,,
No,No,Attending A Fancy Banquet Gone Wrong,"June 4, 2026",,Embarrassment,,"Noah ?, Reece ?"
Yes,No,Creating Planets With Civilizations Gone Wrong,"June 4, 2026",,Sad,Jordan Peterson,
No,No,Slapstick Magic Show With A Mad Scientist And Sock Puppet,"June 13, 2026",,Happy,,
No,No,Attending An Awful Magic Show,"June 13, 2026",,Bored,,
No,Yes,Not Feeling Compelled To Dance At My Graduation Formal,"June 13, 2026",,Sad,,? Ben
No,No,SpongeBob Visiting Squidward After His Suicide,"June 17, 2026",,Sad,"Mr Krabs, Spongebob, Squidward",
No,No,Crossing An Underpass With Spiders On It,"June 18, 2026",,Fear,,
No,No,Chased By An Alien Into A Shopping Centre,"June 18, 2026",,Fear,,
No,No,A Ghost Attempts To Injure Patients With Nails,"June 18, 2026",,Fear,,
No,No,Playing An RTS On The Highway Until My Neighbours Give Up,"June 23, 2026",,Surprise,,
No,No,Reporting A Knight Ambush And Trespassing To Authorities,"June 30, 2026",,Fear,,
No,No,Evil Robots Manufacture Icy Poles To Brainwash People,"June 30, 2026",,Fear,Donna Noble,
No,No,Confronting A Large Spider In My Room Gone Wrong,"July 2, 2026",,Fear,,Family
No,No,Visiting The HQ Of A Strange Muffin Company,"July 4, 2026",,Surprise,,Joshua O
No,No,Ooze Flood Destroys A Deck,"July 5, 2026",,Fear,,
No,No,Accidentally Launching A Super Firework,"July 7, 2026",,Fear,,
No,No,Teaching A Grade Two Class About Computers Gone Wrong,"July 7, 2026",,Fear,,"Mr Broadway, Mrs Wardle"
No,No,Playing A Videogame PVP Duel Around Concrete Blocks,"July 8, 2026",Microdream,Fear,,
No,No,Rescuing Crew Members On A Spaceship From Aliens And Rogue Robots,"July 9, 2026",,Surprise,David Tennant,
No,No,Discovering Elderly People Learning Computer Science In A Shopping Mall,"July 13, 2026",,Fear,,
No,No,Escaping A Tornado Forming Beside My Unit Complex,"July 13, 2026",,Fear,,Family
No,No,Robbed By A Notorious Criminal While Staying At A Motel,"July 17, 2026",,Fear,,Family
No,No,Man Saves Crew In A Helicopter Crash,"July 18, 2026",,Fear,,
No,No,Getting A Strange Flamethrower Toy From Big W And Fleeing Zombies,"July 21, 2026",,Surprise,,
No,No,Popping A Large Pimple On My Lip,"July 22, 2026",,Disgust,,
No,No,Shadow Figure Standing In My Doorway,"July 24, 2026","False Awakening, Nightmare",Fear,,
No,No,Playing A Videogame About Building To Survive Monsters,"August 5, 2026",,Fear,,
No,No,Investigating The Origin Of A Weather Balloon Outside My Unit Complex,"August 6, 2026",,Surprise,,Family
No,No,Kidnapped By Gang Members And Escaping,"August 7, 2026",,Fear,,
No,No,Delivering Japanese Food To My Classmates Gone Wrong,"August 13, 2026",,Fear,,Gavin W
No,No,Experimenting With Perks In Anomalous Activities: Sierra Protocol,"August 16, 2026",,Fear,,
No,Yes,Rescuing A Live Streamer From Being Raped,"August 16, 2026",,Fear,,
No,No,Robbing A Skyscraper Bank,"August 20, 2026",,Fear,,Dejan C