title,date,emotion,influences,is_favourite,is_nsfw,notes,people_i_know,people_in_the_media,sleep_phenomena,updated_at
Warning Against Satan,"January 1, 2005",Surprise,,No,No,,,,,"September 20, 2026 7:44 PM"
Carnivorous Plant Attacks A Woman In A Lab,"January 1, 2005",Fear,,No,No,,,,Nightmare,"September 2, 2026 4:48 AM"
Woman Journeys Through A Cave System-like Organism,"January 1, 2005",Fear,,No,No,"  • Before the dream, I fell asleep in the computer room of a sports club because my mum was taking a long time transferring data to a floppy disk.",,,Nightmare,"September 20, 2026 7:31 PM"
Magic Soda Bottle Creates Money,"January 1, 2010",Happy,,No,No,,,,,"September 20, 2026 3:38 AM"
Giant Spider Under A Rock,"January 1, 2010",Fear,,No,No,,,,Nightmare,"September 20, 2026 3:38 AM"
Unit Robbed,"January 1, 2010",Fear,"  • I heard a boy in class talk about how his family returned from vacation and discovered someone robbed their house.",No,No,,"Brother, Dad, Mum",,,"September 20, 2026 7:41 PM"
Sick Neighbour Dragged On A Tricycle By Their Mother,"January 1, 2014",Surprise,,No,No,,"? Mico's Mother, Mico",,,"August 23, 2026 12:03 AM"
Bathtub Blood Ritual Gone Wrong,"January 1, 2014",Fear,"  • Conspiracy theory that the Washington Monument means “as above, so below”.
  • Conspiracy theory that the Masonic initiation oath death penalty is literal not symbolic.",No,No,,,,,"September 20, 2026 10:55 PM"
Foam Block Currency,"January 1, 2013",Surprise,,No,No,,,,,"August 22, 2026 11:43 PM"
Obstacle Course To Heaven,"January 1, 2014",Sad,"  • I’ve always struggled to believe that God exists.
  • [Likely] Matthew 5:30 (distorted).",No,No,,,,,"September 28, 2026 3:22 AM"
Backyard Units Modernized,"January 1, 2014",Sad,"  • There used to be a rundown house beside our unit complex surrounded by dense shrubbery but it was replaced by modern units.",Yes,No,,,,,"September 20, 2026 3:44 AM"
Deranged Man At The Front Door,"January 1, 2014",Fear,,No,No,,,,,"September 20, 2026 3:44 AM"
Cube UFOs Hover In The Sky,"January 1, 2017",Surprise,,No,No,"  • I forgot the rest of the dream which involved a werewolf coming down to Earth.",,,,"August 23, 2026 12:13 AM"
Neighbourhood Nuked,"January 1, 2017",Fear,"  • Indiana Jones survives a nuke by climbing into a lead-lined fridge in Indiana Jones And The Kingdom Of The Crystal Skull.",No,No,,"Brother, Dad, Mum",,Nightmare,"September 20, 2026 3:49 AM"
Hesitant To Leave The Only Known City In Existence,"January 1, 2017",Fear,"  • I used to have a fear of infinity about questions like:
      ◦ “Can we reach the end of the universe or are we trapped in it?”
      ◦ “Does true infinity exist or will we repeat a finite cycle of experiences?”
      ◦ “Can we store infinite information and retrieve it in a timely manner?”",Yes,No,"  • The realization was “We don't need to physically travel everywhere to experience everything. We could understand how reality works, map all ideas, and simulate all possibilities from one place.”",,,,"October 4, 2026 3:57 PM"
Rescuing God From A Demonic Obelisk,"January 1, 2017",Fear,"  • I’ve always wondered what would happen if God never intervened to stop evil.",Yes,No,,"Dejan C, Michael C",God,,"September 21, 2026 12:04 AM"
Confessing Sins During WW3,"January 1, 2017",Fear,"  • I fear that WW3 might start unexpectedly.
  • [Likely] Matthew 24:6-8.",Yes,No,,"Brother, Dad, Mum",,Nightmare,"September 20, 2026 3:50 AM"
Questioning Who God Knew Before Creation,"January 1, 2017",Surprise,"  • I’ve heard the question ""What was God doing before the universe existed?”
  • I’ve heard that Jesus existed eternally with the Father.",No,No,,,God,,"September 20, 2026 11:48 PM"
Rejected Experimental Robot Conquers Earth,"January 1, 2017",Fear,"  • ""The Machine"", an experimental robot, is discarded underground and grows into a monster in Steam Punks!",Yes,No,,,,,"September 19, 2026 5:52 PM"
Questioning Why Christians Are Joyful,"January 1, 2017",Sad,"  • I couldn't understand why Christians felt joyful in church.
  • Matthew 7:21.",No,No,,,,,"September 20, 2026 11:46 PM"
Women Escape A Kidnapping,"January 1, 2014",Fear,,Yes,Yes,,,,,"September 20, 2026 3:44 AM"
Jayba’s Educational Journey On An Island,"January 12, 2016",Happy,"  • A node-based level select path in videogames like New Super Mario Bros.",No,No,"  • I forgot the rest of the dream but there was a war between two islands with units from The Conquerors 3.",Jayba,,,"September 20, 2026 11:06 PM"
Held Hostage In A Remote Foster Home,"September 19, 2020",Fear,,No,No,,,,,"September 20, 2026 3:53 AM"
PewDiePie Moves Into My Neighbourhood,"December 9, 2020",Embarrassment,"  • I used to watch PewDiePie a lot.",No,No,,,PewDiePie,,"September 20, 2026 3:54 AM"
Managing An Amusement Park Gone Wrong,"December 17, 2020",Happy,"  • Tommy from Rugrats.
  • Jimmy Neutron from The Adventures of Jimmy Neutron, Boy Genius.",No,No,,,"Jimmy Neutron, Tommy Pickles",,"September 20, 2026 3:55 AM"
Visiting A 20 Storey Shopping Mall,"January 25, 2020",Fear,,No,No,,"Brother, Dad, Mum",,,"August 23, 2026 12:19 AM"
Visiting A Veteran Resort Gone Wrong,"January 10, 2020",Fear,"  • The male toilets at school were always dirty and unpleasant.",No,No,,"Brother, Dad, Mr Broadway, Mrs Itsikson, Mum",,,"September 26, 2026 3:41 PM"
Chased By A Shapeshifting Velociraptor,"November 23, 2020",Fear,"  • Jerry Andrus’s dragon illusion.",No,No,,,,,"September 19, 2026 7:06 PM"
Upsetting Criminals Playing Cricket,"January 7, 2021",Fear,"  • Aleksandr and Sergei from Compare the Market.
  • Sulley from Monsters, Inc.
  • [Likely] ACLU ""The NSA Is Coming to Town"" song: https://youtu.be/8pcWlyUu8U4?si=ARTFhn2dt-7MqtOx.",No,No,,"Brother, Dad, Mum","Aleksandr Orlov, James P. Sullivan, Mrs Claus, Santa, Sergei Orlov",,"October 4, 2026 10:04 PM"
Haunted Church Funeral,"January 1, 2020",Fear,"  • I have been attending the church with my family for a month.",Yes,No,,,Grim Reaper,,"September 20, 2026 3:52 AM"
Hawaii Vacation Gone Wrong,"November 25, 2021",Anger,,No,No,,"Brother, Dad, Mum",,,"September 20, 2026 3:56 AM"
Hiding In A Safehouse From Prehistoric Creatures,"January 1, 2021",Fear,"  • [Likely] The Death Angels from A Quiet Place.
  • [Likely] The creepy white appearance of animals in night vision.",No,No,,,Death Angels,,"September 26, 2026 3:51 PM"
Demons Hide Objects,"January 1, 2021",Fear,,No,No,,,,,"September 26, 2026 3:50 PM"
Entering A Posthumanism Indoctrination Facility,"January 1, 2017",Fear,"  • During religious education in primary school Brooke read science textbooks to the side.
  • I’ve heard people claim religion and traditions are outdated, oppressive, and hold us back from achieving a utopia and scientific progress.
  • I'm worried about people playing god via technology leading to:
      ◦ Replacing humans and altering them beyond recognition.
      ◦ Altering reality to suit how we want things to work.
      ◦ Achieving immortality.
      ◦ Creating a robot god to enforce a surveillance state.
      ◦ A war of “the gods”.
  • I’ve wrestled with personal doubts like:
      ◦ Do we have a transcendent identity above our species, sex, gender, race, and culture?
      ◦ Is God trustworthy?
      ◦ Is God oppressing us by forcing us to be weak and vulnerable?
      ◦ If we keep learning over an eternity will we inevitably become gods?
  • I fear people being lured into evil via their desires and noble-sounding causes.
  • Tower of Babel (inverted).
  • Romans 12:2.
  • John 15:18–19.
  • Ephesians 6:12.
  • Matthew 7:13-14.
  • James 4:7.",Yes,No,"  • I don't remember the exact dialogue and this is a recreation. The vibe was that the dictator spoke progressive and anti-religious rhetoric that appealed to the crowd but masked an evil posthuman agenda.",Brooke A,Satan,,"October 4, 2026 4:55 PM"
Bullet Ricochet Self-Defence Training,"January 28, 2021",Fear,,No,No,,Dejan C,,,"August 23, 2026 3:42 AM"
Hospital Tentacle Monster,"May 7, 2021",Fear,"  • Would I Lie To You?
  • My mum is sensitive to gore and swearing so I'm mindful of what I show her.",No,No,,,,,"September 26, 2026 3:56 PM"
Military Jets Attack Civilians During A Blackout,"December 2, 2022",Fear,,No,No,,,,,"September 20, 2026 3:56 AM"
Authoritarian Escape Room Facility,"October 24, 2023",Fear,"  • Undergoing psychological trials and being observed by scientists behind windows in The Outlast Trials.
  • Creepy ambient sounds come from the walls in People Playground.
  • Genesis 4:15 (distorts the Mark of Cain).",No,No,,"Brother, Dad, Mum",,,"October 4, 2026 10:39 PM"
Autistic Brother Runs Away From Home,"January 10, 2023",Fear,"  • I watched some gameplay videos of Star Wars Battlefront II.",No,No,,,,,"September 20, 2026 3:57 AM"
Attacked By Strangers During A Walk,"September 19, 2023",Fear,"  • I tend to look at the night sky at the right time to see things moving across it.",No,No,,,,,"September 26, 2026 4:03 PM"
Summoning A Demon Gone Wrong,"February 6, 2023",Fear,"  • I used to watch Sam And Colby's videos. They mentioned that demons smell like rotting corpses.
  • I believe that I’ve had supernatural experiences where my heart felt like it was vibrating with an energy and telepathic messages told me to do things that aligned with events.",Yes,No,,"Dejan C, Julien C, Michael C",Sam And Colby,Nightmare,"September 26, 2026 3:59 PM"
Scavenging An Abandoned Underground Facility,"November 29, 2023",Fear,"  • Looting monster-infested facilities and decorating the ship in Lethal Company.",No,No,,,,,"September 26, 2026 4:06 PM"
Father Turns A Miscarriage Into A Cyborg,"June 19, 2024",Fear,"  • Astro Boy was created to replace Tobio who died in a tragic accident.
  • [Likely] Rodney receives new body parts for each stage of puberty in Robots.",Yes,Yes,,,,,"September 19, 2026 10:04 PM"
Architecture Excursion Gone Wrong,"January 1, 2024",Sad,"  • I had a horrible experience in a university group assessment where we proposed a flawed solution for a new small public attraction for a government client. I did most of the work with prototyping, logistics, and 3D modelling.
  • Australia’s housing crisis to worsen with ‘significant shortfall in supply’: https://www.theguardian.com/australia-news/article/2024/may/03/australias-housing-crisis-to-worsen-with-significant-shortfall-in-supply-labors-expert-council-says.
  • I feel trapped in university and unable to work on my side projects.",Yes,No,,,Alexander Armstrong,,"October 4, 2026 10:05 PM"
Infiltrating A Terminator Lair With A Hot Air Balloon,"January 3, 2024",Fear,"  • Siren Head.
  • [Likely] Robot lamp post from Robots.
  • Reprogramming a Terminator in Terminator.",No,No,,,Siren Head,,"September 20, 2026 3:57 AM"
Hall Seating Construction Gone Wrong,"September 6, 2024",Fear,,No,No,,"Brooke M, Jared K",,,"August 23, 2026 2:10 AM"
Refugees Flee An Evil Military,"January 19, 2024",Fear,,No,No,,,Jackie Chan,,"September 6, 2026 1:32 AM"
Escaping An Authoritarian Death Game Facility,"November 26, 2024",Fear,"  • I watched videos of Squid Game.",No,No,,Dejan C,,,"September 26, 2026 5:14 PM"
Occult Meeting Gone Wrong,"September 25, 2024",Fear,,No,No,,,,,"August 23, 2026 2:10 AM"
Preaching A Self-control Sermon,"January 16, 2024",Bold,"  • I’ve reported YouTube and Internet Archive accounts hosting both porn and children’s cartoons.
  • Some ASMR creators share SFW content on YouTube and sell NSFW content off-site.",Yes,No,,,,,"September 26, 2026 4:18 PM"
Accidentally Drinking Delicious Alcohol,"April 19, 2024",Surprise,,No,No,,Mum,,,"August 23, 2026 12:30 AM"
Soda Cup Toss Challenge Sports Day,"June 11, 2024",Happy,"  • I formed a bad habit of sleeping in during the final years of secondary school.
  • I need to shave.",No,No,,Mum,,,"September 20, 2026 5:22 PM"
Evil Talking Dog Tortures A Cat,"February 16, 2024",Fear,,No,No,,,,,"September 20, 2026 3:58 AM"
Heavy Fuels A Train To Escape Dragons,"January 22, 2024",Fear,"  • The Heavy from Team Fortress 2.",No,No,,,Heavy,,"September 20, 2026 3:58 AM"
Indigenous Themed Sports Day,"October 16, 2024",Sad,"  • My brother shared a story yesterday about how he failed to cook Banana Snow when he was younger, an unusual dessert containing bananas, eggs, and milk.",No,No,,Julien C,,,"September 19, 2026 10:16 PM"
TV Presenters Discuss A Sex Scandal Gone Wrong,"April 4, 2024",Surprise,"  • There always seems to be a sex scandal on the news.",No,No,,,,,"September 19, 2026 9:55 PM"
Woody Is Framed And Hides In A Zoo,"January 5, 2024",Fear,"  • Mrs Tweedy from Chicken Run.
  • Woody from Toy Story.",No,No,,,"Mrs Tweedy, Woody",,"September 26, 2026 4:09 PM"
Neighbourhood Death Games By Aliens,"March 17, 2024",Fear,"  • The gods host death games and almost all students die in As The Gods Will.
  • Contestants hide behind others to avoid being shot in Red Light, Green Light in Squid Game.",No,No,,,,,"September 20, 2026 3:59 AM"
Hazmat Crew Cleans The School Toilets,"April 18, 2024",Surprise,"  • The toilets at school were always dirty and unpleasant.",No,No,,,,,"September 20, 2026 3:59 AM"
The Heart's Desire,"December 29, 2024",Surprise,"  • Proverbs 4:23.",Yes,No,,,,,"September 20, 2026 4:02 AM"
Solving Hotel Puzzles To Reach “Heaven”,"July 5, 2024",Happy,"  • I read The Pilgrim's Progress.",No,No,,,,,"September 20, 2026 5:24 PM"
Winning A MrBeast Gameshow,"June 15, 2024",Happy,"  • I watched MrBeast videos.
  • Studs displayed in classic Roblox.",No,No,,,MrBeast,,"September 26, 2026 4:31 PM"
Trip To A Honey Factory And Festival Cart Ride,"May 28, 2024",Happy,"  • [Likely] Old ride a cart games on Roblox.",No,No,,"Brother, Dad, Mum",,,"September 26, 2026 7:01 PM"
Scary Sushi Impossible Difficulty,"July 9, 2024",Happy,"  • I recently played Scary Sushi and didn’t try the hard difficulty but wondered what it would be like.",No,No,,,"Hiroshi Kimura, Norman",,"September 26, 2026 4:34 PM"
Escaping A Death Cult,"April 4, 2024",Fear,,No,No,,Mum,God,,"September 20, 2026 5:21 PM"
Shrek Ferry Ride Scam,"April 24, 2024",Anger,"  • Willy's Chocolate Experience: https://en.wikipedia.org/wiki/Willy's_Chocolate_Experience.
  • I watched videos of Gordan Ramsay in Hell’s Kitchen.",No,No,,"Brother, Dad, Mum",Gordon Ramsay,,"October 4, 2026 10:06 PM"
Stopping A Runaway Parked Coca-Cola Truck,"February 20, 2024",Surprise,,No,No,,,,,"August 23, 2026 12:27 AM"
Chased By A Wooden Effigy At A Bus Stop,"March 16, 2024",Fear,,No,No,,,,,"August 23, 2026 12:28 AM"
Travelling Across A Volcanic Island Gone Wrong,"August 17, 2024",Fear,"  • Hunting monsters in the Lost Rooms (Roblox).
  • Roblox’s AI pathfinding can be bad.",No,No,,,,,"September 26, 2026 4:45 PM"
Magical Teacher Saves Remote Students,"September 30, 2024",Anger,,No,No,,,Jodie Whittaker,,"August 23, 2026 2:10 AM"
Entering The “Cloud 59” Parallel Dimension,"May 21, 2024",Fear,,No,No,,Coco,,Nightmare,"August 23, 2026 12:31 AM"
Hotel Backrooms With A Vine And Statue Monster,"September 2, 2024",Fear,"  • Surviving monsters in a hotel and The Figure’s timed cupboard event in Doors (Roblox).
  • Hunting monsters that appear at night and I craft the watch first as an early warning in Lost Rooms (Roblox).
  • The Skibidi Toilet trend.",No,No,,,,,"September 26, 2026 4:46 PM"
Flying To A Recruitment Centre Gone Wrong,"July 18, 2024",Fear,"  • Mr Bean mixes up the green and white exam papers: https://youtu.be/9LhLjpsstPY?si=XF78ESMXemOzCDXf&t=301.
  • I watched a YouTube video where someone said the US military has 5 year contracts and you can’t easily quit them.",No,No,,,,,"October 4, 2026 10:07 PM"
Ignoring A Roadside Fire,"July 6, 2024",Sad,,No,No,,"Brother, Dad, Mum",,,"September 20, 2026 4:00 AM"
The Man-child And The Rise Of Nazi Germany,"December 19, 2024",Fear,"  • Yul has a naive dream about living in Buckingham Palace in Cool Runnings: https://youtu.be/RvzpuAa1QVs?si=7_LtXeh2s5QpQ85A.
  • Proverbs 6:10-11.
  • 1 Corinthians 13:11.
  • Romans 16:18.
  • Matthew 12:34.
  • I feel guilty that I’m living a privileged life freeloading off my father who constantly works nightshift while I can indulge in videogames, social media, etc without contributing anything (I'm still studying at university full-time which limits what i can do).
  • I often wear a white singlet indoors because it’s hot in Australia.
  • I recently read The Philosophy Book: Big Ideas Simply Explained.
  • During Covid people were told to “follow the science” which was framed as absolute despite constantly evolving. Anyone questioning the new types of vaccines was quickly dismissed as selfish, ignorant, or a conspiratorial anti-vaxxer. Tech platforms often censored people citing doctors and experts who questioned official policies.",Yes,No,,Julien C,,,"October 4, 2026 10:08 PM"
Police Investigate An Abandoned Truck,"October 4, 2024",Fear,,No,No,,,,,"September 20, 2026 4:01 AM"
A Robot Sends A Child To Spy On Me,"December 16, 2024",Fear,"  • I watched videos of Ameca a long time ago.",No,No,,Dad,Ameca,,"September 20, 2026 4:01 AM"
Good Mafia Vs Bad Mafia,"December 11, 2024",Surprise,,No,No,,,,,"September 20, 2026 4:01 AM"
Tuxedoed Crowd Hypnotized By A Presentation,"July 7, 2024",Fear,"  • [Likely] A crowd stares blankly at Big Brother in the Apple 1984 Commercial.
  • A library full of books with randomly generated text in The Library of Babel.",No,No,,,,,"September 19, 2026 10:07 PM"
Visited By Green Twin Girls,"March 14, 2024",Fear,"  • The twins from The Shining.",No,No,"  • Nothing happened on the same day in 2025.",Brother,,,"September 26, 2026 6:48 PM"
Woman Carelessly Throws A Wallet Into Tall Grass,"August 3, 2024",Anger,,No,No,,,,,"September 20, 2026 4:01 AM"
Rebuilding A Sci-Fi RTS And Platformer,"October 17, 2024",Happy,"  • Battleship Forever (GameMaker).
  • Planetoid 3 (GameMaker).
  • Agar.io.",No,No,"  • I stayed up late playing old GameMaker games like Battleship Forever and lji.
  • I was disappointed that Battleship Forever's final level was left unfinished because it was a good game.",,,,"September 26, 2026 5:06 PM"
Soldiers Defend A Shopping Mall From Zombies,"May 7, 2024",Fear,,No,No,,,,,"August 23, 2026 3:55 AM"
Fighting China On A World Map,"January 13, 2025",Sad,"  • Hexagon tiles and team-coloured units in Mini Empires (Roblox).",No,No,,,,,"September 19, 2026 10:32 PM"
Cockroaches Infest A Tall Building,"January 14, 2025",Fear,"  • Annelid aliens in the kitchen in Men In Black: https://youtu.be/tyGxZrhcgKg?si=mbSjZ9iYM8XDl7mm.",No,No,,,,,"October 4, 2026 10:10 PM"
Man Dies While Fighting The Mafia And Goes To Hell,"January 15, 2025",Surprise,,Yes,No,,,Saxton Hale,,"September 19, 2026 10:35 PM"
Blue Aliens Visit Earth To Showcase Their Lazer Eyes,"February 5, 2025",Happy,"  • Draag from Fantastic Planet.",No,No,,,Draag,,"September 20, 2026 3:28 AM"
Surviving In A Basement From Monsters,"February 7, 2025",Fear,"  • Attacked by Zorgons and escaping to the basement in a dumbwaiter in Zathura.
  • Escaping monsters on a cargo ship and hallway designs in Monsterum.
  • Watching security cameras and closing vents in Five Nights At Freddy's.",No,No,,,,,"September 26, 2026 8:31 PM"
Attacked By A Crazy Old Woman And Deformed Dog,"February 8, 2025",Fear,,No,No,"  • I don't remember the exact dialogue and this is a recreation.",Brother,,Nightmare,"September 26, 2026 8:31 PM"
Standing Beside Naked People,"January 1, 2016",Embarrassment,"  • [Likely] In sex education, we were learning about sexual organs and sex which made me feel uncomfortable.",No,No,,,,,"September 20, 2026 3:46 AM"
Trapped With Gromit In My Bedroom,"January 1, 2005",Fear,"  • My brother won a Gromit backpack from a colouring-in competition for Wallace And Gromit: The Curse Of The Were-Rabbit. We also played the videogame.",No,No,,,Gromit,Trapped In A Dream,"September 20, 2026 3:34 AM"
Shrunken Woman Falls Down A Shower Drain,"January 1, 2005",Fear,"  • [Likely] I saw the main character fighting a giant spider in the The Incredible Shrinking Man on TV when someone was flicking through channels.",No,No,,,,,"September 20, 2026 3:33 AM"
China Invades Australia,"February 4, 2025",Fear,,No,No,,,,,"September 20, 2026 4:03 AM"
Grade Two Mud Homework,"January 1, 2008",Happy,"  • We were learning about the environment and insects in class.",No,No,"  • I didn’t know if the dream was real so I asked my mum to help me photocopy a scientific diagram of the rain cycle from our old encyclopedias before school. When I showed Mrs Wardle, she said that she never assigned the task.",Mrs Wardle,,,"September 20, 2026 7:38 PM"
Entering A Portal And Becoming Someone Else,"January 1, 2014",Sad,,Yes,No,,,,,"September 20, 2026 3:44 AM"
Police Island Shootout,"February 11, 2025",Sad,,No,No,,,"Logan Paul, MrBeast",,"September 20, 2026 4:03 AM"
Teenager Ski Jump Gone Wrong,"February 17, 2025",Sad,,No,No,,,,,"August 23, 2026 4:15 AM"
Stranger Questions My Mum’s Old Age,"February 15, 2025",Sad,"  • My mum’s hair is turning grey and I constantly worry about my parents dying.",Yes,No,,"Dad, Mum",,,"September 20, 2026 4:03 AM"
Lazer Tag At A Floating Obstacle Course And Castle,"February 18, 2025",Happy,,No,No,,,,,"July 12, 2026 9:24 PM"
Sleeping Beside Dying Elderly People,"January 1, 2014",Fear,"  • [Likely] In The Goodies ""The End”, Tim, Graeme, and Bill are trapped in their office until they die. Bill lies under an orange blanket beside their skeletons.
  • I don't want to live an average life and not reach my full potential.",No,No,,,,,"September 20, 2026 3:43 AM"
Memory Reset Experiment,"January 1, 2013",Sad,,Yes,No,,,,,"September 20, 2026 3:40 AM"
Perfectly Driving Mum's Car,"January 1, 2013",Happy,"  • I often watched my parents drive me to school.",No,No,,,,,"September 20, 2026 3:40 AM"
University Lecture Excursion Gone Wrong,"February 19, 2025",Sad,"  • I often feel like university is a waste of time.",Yes,No,,"Mrs Brown, Sarajah",,,"September 20, 2026 4:04 AM"
Discovering A Fake Parade Audience,"February 20, 2025",Surprise,"  • I watched a YouTube video where someone claimed that an individual was a paid protestor which is a concept I’ve never heard of before.",No,No,,"Brother, Dad, Mum",,,"September 20, 2026 4:04 AM"
Storm Drenches Clothes Left In The Backyard,"February 21, 2025",Surprise,,No,No,,"Dona, Mum",,,"August 23, 2026 2:19 AM"
Finding Jayba Who Ran Away,"January 1, 2014",Surprise,"  • Jayba occasionally roams far away outside and is difficult to find.",No,No,,Jayba,,,"September 20, 2026 7:51 PM"
Escaping A Kidnapping,"January 1, 2014",Fear,,No,No,,,,,"September 20, 2026 3:42 AM"
Alien Spider Survival,"July 10, 2020",Happy,"  • Spiderman swings between buildings.
  • Grappling hooks and the zombie gamemode in Team Fortress 2.",No,No,,,,,"September 20, 2026 3:53 AM"
Driving A Car With An Xbox Kinect Gone Wrong,"September 19, 2020",Embarrassment,"  • I played with an Xbox Kinect in a store a long time ago.",No,No,,,,,"September 19, 2026 6:34 PM"
McDonald's Free Food Exploit Gone Wrong,"September 19, 2020",Sad,"  • McDonald's self-serve kiosk free food exploit via pattyless burgers: https://youtu.be/1oFpTNsPu_w?si=DbfI1n-6MMSmOLG8.
  • The toilets in fast food restaurants tend to be filthy.",No,No,,"Brother, Dad, Julien C, Mum",,,"October 4, 2026 10:03 PM"
School Award Ceremony Heist,"November 23, 2020",Happy,,No,No,,Mr Nathan,,,"September 20, 2026 3:54 AM"
Attacked By A Deranged Neighbour,"December 9, 2020",Fear,,No,No,,,,,"September 20, 2026 3:54 AM"
Fencing Excursion Gone Wrong,"December 17, 2020",Fear,,No,No,,,,,"August 23, 2026 12:21 AM"
Depressed Freelance Power Washer Quits Early,"December 17, 2020",Sad,,No,No,,"Brother, Dad, Mum",,,"September 20, 2026 3:54 AM"
Ghost Trips People In The Supermarket,"December 17, 2020",Fear,,No,No,,,,,"August 23, 2026 12:21 AM"
Squad Assaults Futuristic Fortress,"January 28, 2021",Happy,"  • The Brass Beast and Gloves of Running Urgently from Team Fortress 2.
  • Reinhardt from Overwatch.",No,No,,,,,"September 26, 2026 3:55 PM"
Draining A Car Fuel Tank Gone Wrong,"January 28, 2021",Fear,"  • Waiting 5 minutes for a failed explosive to self-detonate in MythBusters.",No,No,,"Brother, Dad, Mum",,,"September 19, 2026 7:21 PM"
Attacked By A Werewolf And Self-Replicating Nanobots,"December 2, 2022",Fear,"  • I saw the thumbnail for a recent Rick And Morty video by The Film Theorists.",Yes,No,,,MatPat,,"September 20, 2026 3:56 AM"
Spies Playground Heist Gone Wrong,"January 10, 2023",Happy,"  • I saw the trailer for The Bad Guys.",No,No,,,,,"September 19, 2026 7:30 PM"
Demonic Fortune-telling For World Leaders,"September 19, 2023",Fear,"  • I was recently digitizing my childhood drawings.",No,No,,,,,"September 19, 2026 9:36 PM"
Filming A Burger King Commercial Gone Wrong,"September 19, 2023",Happy,"  • The commercial trope of scientist actors comparing brands.",No,No,,,,,"September 26, 2026 4:02 PM"
Mecha Army Raids An Alien Fortress,"February 20, 2024",Fear,"  • I’ve watched gameplay of StarCraft II in the past.
  • I watched gameplay of Resident Evil Village.",No,No,,,Leon Kennedy,,"September 19, 2026 9:51 PM"
Universe's Fate Songs,"March 14, 2024",Sad,"  • I've thought about if it's possible to keep the universe alive forever.",Yes,No,,,,,"September 26, 2026 4:22 PM"
Hostage Negotiation Temporary Swap,"March 17, 2024",Fear,,No,No,,,,,"June 5, 2026 1:37 AM"
Reviewing A Restaurant Using A Spoon,"March 17, 2024",Surprise,"  • I visited a hotel last year that sold its own overpriced merchandise.",No,No,,,,,"September 19, 2026 9:53 PM"
Purchasing A Rapper's Necklace,"April 4, 2024",Surprise,,No,No,,,,,"August 23, 2026 3:53 AM"
Finding Old Photographs In A Backpack,"April 19, 2024",Fear,"  • I was digitizing childhood drawings.",No,No,,,,,"September 26, 2026 4:28 PM"
Spaceship Carrier Assault,"May 7, 2024",Happy,"  • I recently played Beyond All Reason.",No,No,,,,,"September 26, 2026 4:28 PM"
Deformed Monster At The Front Door,"June 19, 2024",Fear,,No,No,,"Brother, Coco, Dad, Mum",,,"September 20, 2026 5:23 PM"
Dad Outruns The Police To Renew A Government Form,"October 17, 2024",Happy,"  • My dad can be a rough driver at times and makes me feel uncomfortable.",No,No,,"Brother, Dad, Mum",,,"September 20, 2026 5:25 PM"
Fighting A Giant Merman In Greek Ruins,"October 17, 2024",Happy,"  • I’ve been wanting to play Mythology (GameMaker; Sakisa) for a while.",No,No,"  • I stayed up late playing old GameMaker games like Battleship Forever and lji.",,,,"September 26, 2026 4:54 PM"
Liam Dresses Like Elvis And Sings In Front Of The School,"February 7, 2025",Happy,"  • Kamala Harris mocked after Beyoncé fails to perform at her Texas rally: https://www.yahoo.com/entertainment/kamala-harris-mocked-beyonc-fails-200958782.html.",No,No,,Liam B,,,"October 4, 2026 10:11 PM"
Firearm Training At School And Satan’s Challenge,"February 11, 2025",Fear,"  • USA debate about arming teachers in schools: https://www.nea.org/nea-today/all-news-articles/arming-teachers-still-terrible-idea.
  • Poland makes firearms training mandatory for schoolchildren: https://youtu.be/QO_NRejn6dU?si=5LBOerOAmOdpZvVF.",No,No,,,"Donald Trump, Satan",,"October 4, 2026 10:11 PM"
Minecraft Pyramid Obstacle Course,"February 21, 2025",Happy,"  • I built a few maps in Minecraft a long time ago.",No,No,,,,,"September 20, 2026 4:05 AM"
Aliens Infiltrate Area 51,"November 2, 2020",Fear,"  • Titans from Metal Arms Glitch In The System.",No,No,,,Titans,,"September 26, 2026 3:46 PM"
Chased By Orcs Into A Demonic Cave,"November 2, 2020",Fear,"  • Orcs in World of Warcraft.
  • Grinding rails, collecting opals, and the homing bite attack in TY The Tasmanian Tiger 2.
  • Engaging with witchcraft is considered sinful in Christianity.",No,No,,,Orcs,,"September 26, 2026 3:46 PM"
Rescuing My School From Terrorists,"November 2, 2020",Happy,"  • [Likely] Baby Prunes who is deaf and bad-tempered from SpongeBob SquarePants.
  • [Likely] Videogame trope of shooting evil aliens and monsters.",No,No,,,,,"September 28, 2026 2:50 AM"
Shrunken Submarine Inside A Human Body,"January 16, 2024",Fear,"  • The plot of Innerspace.",No,No,,,,,"September 19, 2026 9:50 PM"
Trolling Game Moderators Atop A Tall Building,"April 18, 2024",Happy,"  • I used to be afraid of swimming in primary school.
  • I tend to find glitches in videogames.",No,No,,,,,"September 19, 2026 9:57 PM"
Confused By Physics Class,"April 18, 2024",Sad,"  • I struggled a lot in physics class because I barely studied.",No,No,,"Brooke A, Patrick M",,,"September 19, 2026 9:56 PM"
Rushed To Visit An Equestrian Showground,"October 4, 2024",Embarrassment,,No,No,,Dad,,,"September 6, 2026 1:34 AM"
Squirting A Water Bubbler Back At Rude Girls,"October 5, 2024",Anger,"  • Students in primary school often sprayed water everywhere from bubblers.",No,No,"  • The Indian boy was an old friend from primary school. I briefly questioned whether they were real but I know they are.",? Indian Student,,,"September 26, 2026 4:53 PM"
Swamp Construction Workshop,"December 11, 2024",Happy,,No,No,,,,,"June 5, 2026 2:05 AM"
Forfeiting A Gun Duel,"January 14, 2025",Fear,,No,No,,,,,"September 20, 2026 4:02 AM"
Nose Piercing With A Vehicle Gone Wrong,"January 15, 2025",Anger,,No,No,,,,Nightmare,"August 23, 2026 4:09 AM"
Haunted Mannequin Outside Church,"January 25, 2020",Fear,,No,No,,"Brother, Dad, Mum",,,"September 20, 2026 3:53 AM"
Kids Compete In An AI Image Generation Challenge,"December 16, 2024",Happy,"  • The quality of generative AI images and videos has advanced rapidly.",No,No,,,,,"September 26, 2026 7:06 PM"
Hunting A Yeti Gone Wrong,"August 17, 2024",Fear,"  • Hunting monsters in the Lost Rooms (Roblox).",No,No,,,,,"September 26, 2026 4:43 PM"
Barge And Casino Heist Gone Wrong,"February 28, 2025",Fear,,No,No,,,,,"August 23, 2026 2:19 AM"
Art Museum Excursion Gone Wrong,"February 28, 2025",Happy,"  • I became the ""tissue guy"" in secondary school because I always had spare tissues and occasionally students asked me for some.",No,No,,,,,"September 26, 2026 8:33 PM"
Dissatisfied With University And Abused By Staff,"March 4, 2025",Anger,"  • I often feel like university is a waste of time.
  • I was in a creative industries class where female students researched how women are oppressed by male dominated industries.
  • I’m still trying to finish a double degree. I failed my computer science capstone because I don’t feel skilled enough, teammates in my creative industries capstone made me do most of the work, and other problems.
  • My brother shared a story about how a university teacher emailed his entire class, saying that a degree is not enough and nobody will hire them because they’re lazy and entitled.
  • One in three children not meeting reading or writing standards: https://www.theguardian.com/australia-news/article/2024/aug/14/disappointing-numeracy-and-students-falling-through-cracks-latest-naplan-results-in-six-graphs.
  • More students are dropping out of university: https://ipa.org.au/read/fees-for-no-degrees.
  • Warnings were issued about Cyclone Alfred approaching the coast: https://knowledge.aidr.org.au/resources/cyclone-tropical-cyclone-alfred-queensland-2023.",Yes,No,,"Dejan C, Tom B",,,"October 4, 2026 10:13 PM"
Troublesome Child At A Water Theme Park,"March 5, 2025",Surprise,"  • My brother is still learning to drive and sometimes gets too close to cars parked beside the curb.",No,No,,"Brother, Dad, Mum",,,"September 19, 2026 10:42 PM"
Disappointed With New School Sports Uniforms,"March 8, 2025",Sad,"  • Students in secondary school disliked the new minimalist sports uniforms and banners, the latter of which replaced Indigenous patterns.",No,No,,"? Levi's Brother, Mrs Itsikson",,,"September 26, 2026 10:50 PM"
Helping A Woman Cross A Conveyor Belt Bridge,"March 5, 2025",Happy,,No,No,,,,,"August 23, 2026 4:19 AM"
Therapist Discusses Jayba’s Death,"March 24, 2017",Sad,"  • Jayba died recently and I'm still getting over it.",Yes,No,"  • I never went to therapy and this is just general advice.",Jayba,,,"October 4, 2026 10:37 PM"
Armed Teenagers Drive Down The Street,"January 1, 2017",Fear,,No,No,,,,,"September 20, 2026 3:51 AM"
Self-replicating Metal Bars Fill The Universe,"January 1, 2017",Fear,"  • I used to have a fear of infinity about questions like “Does true infinity exist or will we repeat a finite cycle of experiences?”",Yes,No,,,,Nightmare,"September 20, 2026 11:51 PM"
Line Art Of Primary School,"January 1, 2023",Surprise,"  • I was recently looking up online images of my primary school.",No,No,,,,,"September 20, 2026 3:57 AM"
UFO Sighting At Video Ezy,"January 1, 2005",Surprise,"  • My family used to regularly visit Video Ezy to rent DVDs and PS2 videogames.
  • The spaceship interior resembles the Galactic Ranger dropship in Ratchet And Clank 3.",No,No,"  • The dream felt so real that during show and tell in preschool, I told everyone that I saw an alien spaceship. A boy asked what TV show it was from and I said it was real but nobody knew how to respond so I sat down as the others continued presenting.","Brother, Dad, Mum",,,"September 20, 2026 7:31 PM"
Neighbour Shoots My Brother With A Shotgun,"January 1, 2016",Fear,"  • We were wary of a neighbour who did suspicious things.",No,No,,"? Neighbour, Brother",,,"September 20, 2026 10:57 PM"
Escaping A Witch In The Sewers,"January 1, 2018",Fear,,No,No,,,,,"August 23, 2026 12:17 AM"
Flying With Rocket Boots,"January 1, 2015",Happy,"  • [Likely] Astro Boy flies with rocket boots.",No,No,,,,,"September 20, 2026 3:45 AM"
Flying With A Solar Surfer,"January 1, 2016",Happy,"  • Jim flies on a Solar Surfer in Treasure Planet.",No,No,,,,,"September 20, 2026 3:46 AM"
Levitating By Tensing My Ankle Muscles,"January 1, 2018",Surprise,,No,No,"  • I tried levitating after waking up despite knowing it wouldn't work.",,,,"September 20, 2026 11:55 PM"
Gorilla Face Hallucination,"January 1, 2008",Surprise,,No,No,,,,Hallucination,"August 22, 2026 11:54 PM"
Circling Birds Hallucination,"January 1, 2008",Surprise,"  • ""Circling Birdies"" concussion gag in Looney Tunes.",No,No,,,,Hallucination,"September 19, 2026 4:34 PM"
Self-Aware Sleep Talking,"January 1, 2010",Fear,"  • Over the span of a month I randomly panicked in my sleep for no reason.",Yes,No,,Mum,,Half-asleep,"September 20, 2026 7:44 PM"
Commercial Airliner Crashes Outside,"January 1, 2021",Fear,,No,No,,,,,"August 23, 2026 12:22 AM"
Soldiers Defend A City From Invading Helicopters,"March 20, 2025",Fear,,No,No,,,,,"September 20, 2026 4:05 AM"
Rescuing Party Guests From A Gas Attack Gone Wrong,"March 20, 2025",Fear,"  • The Joker’s laughing gas in Batman.",No,No,,,,,"September 19, 2026 10:46 PM"
Riding A Robocraft Chassis,"March 23, 2025",Happy,"  • The developers recently shutdown Robocraft.",No,No,,,,,"September 20, 2026 4:05 AM"
Bad Neighbours Move Out Gone Wrong,"March 22, 2025",Fear,"  • Since 2024, we've dealt with the worst neighbours we’ve ever had. They were arrogant, manipulative, constantly yelling at each other, didn't care about noise, and left dog poo all over their backyard.
  • My mum said the neighbours put their unit on the market and were moving out.
  • When learning to drive, Dad made me turn off the engine and lights when parking in the unit complex to avoid disturbing the neighbours.
  • I struggle to park between the lines.
  • My mum got overly upset by the neighbours but I didn’t let it bother me.
  • My mum occasionally says foolish things or hasty generalizations that make me cringe or unsure what to think.",No,No,"  • Possibly predicted the neighbours demanding money from another neighbour under [suspicious circumstances] about seven months later. It likely followed the trend of their untrustworthy nature.","? Neighbour 2, Brother, Dad, Mum",,Precognitive,"September 26, 2026 11:33 PM"
Waiting For God’s Second Coming,"January 1, 2013",Anticipation,,No,No,,,,,"September 20, 2026 7:46 PM"
Local Park Music Concert,"January 1, 2013",Happy,,No,No,,,,,"August 22, 2026 11:40 PM"
Soldiers Defend A Desert Fortress,"January 1, 2016",Fear,"  • A robot tank rams through barricades and the front gate on specific maps in the Team Fortress 2 Mann Vs Machine gamemode.",No,No,,,,,"September 19, 2026 5:29 PM"
Escaping An Island From An Invading Navy,"March 29, 2025",Fear,"  • The Conquerors 3 (Roblox).",No,No,,,,,"September 26, 2026 11:35 PM"
Discussing God’s Eternal Vigilance With Elderly People,"July 10, 2020",Surprise,"  • I’ve heard people say we need God’s eternal vigilance to maintain moral order.",No,No,,Julien C,,,"September 26, 2026 3:45 PM"
Exposing Plane Fuel Scam,"October 16, 2024",Surprise,"  • Minus Cal claimed to have an advanced scientific process to block fat: https://youtu.be/pwf1UmbjQho?si=vQgT651dJwAqruW6&t=252.",No,No,,,,,"October 4, 2026 10:08 PM"
Winning $5 Million In Beast Games,"April 1, 2025",Happy,"  • The final prize negotiation in MrBeast Games: https://youtu.be/sF5LYGgKbUA?si=0Zu84Woqv-FjDcGF&t=1856.
  • MrBeast tends to throw in surprises to catch people off guard.",No,No,"  • Splitting the prize money was not allowed so this wouldn’t work: https://www.justjared.com/2025/03/14/beast-games-winner-reveals-contestants-were-banned-from-splitting-prize-money-or-making-deals-with-other-players/.",,MrBeast,,"October 4, 2026 10:14 PM"
Kicked Out Of The Children’s Swimming Pool,"April 1, 2025",Sad,"  • I used to be afraid to swim in primary school.
  • Mr Bean is kicked out of the children’s pool by a lifeguard: https://youtu.be/FZoofVvPUC8?si=J7NteKkNRICHGztm&t=52.",No,No,,,,,"October 4, 2026 10:13 PM"
Hardcore Videogame,"April 4, 2025",Happy,"  • I watched Vanoss Crew gameplay videos over the span of a month.
  • Rooftop maps in Team Fortress 2.",No,No,,,Vanoss Crew,,"September 19, 2026 10:52 PM"
Food Court Excursion Gone Wrong,"April 5, 2025",Surprise,"  • During a secondary school Graphics excursion to IKEA we spent too much time exploring and were forced to stop eating hotdogs early to get back on the bus.",No,No,,Rhiannon C,,,"September 20, 2026 4:06 AM"
Fingernail Hygiene Clinical Trial,"January 1, 2016",Fear,"  • I clipped my fingernails and saw gunk under them that disgusted me.",No,No,,,,,"September 19, 2026 5:28 PM"
Minecraft PS1 Port,"January 1, 2013",Happy,"  • Minecraft was being released on different platforms (e.g., Xbox 360). I wondered what it would be like if it was released on the PS1 and if the console could handle it.",No,No,,,,,"September 20, 2026 3:10 AM"
Questioning God During A Cavalry Ambush,"April 12, 2025",Sad,"  • I question why God allows suffering in the world.",No,No,,,,,"September 20, 2026 4:06 AM"
Staying At A Girl’s House Gone Wrong,"April 7, 2025",Fear,,No,No,,,,,"August 23, 2026 4:54 AM"
Corrupt Vet Arrested For Cat Abuse,"April 11, 2025",Anger,"  • The surgeons’ silhouettes in Mad God.",No,Yes,,,,,"September 20, 2026 5:31 PM"
School Sports Captain Becomes An Engineer,"April 11, 2025",Sad,"  • I fear that I choose the wrong career and won't have a lasting impact if I don't become an engineer.",No,No,,,,,"September 20, 2026 5:30 PM"
Fascist Anti-Dictator Propaganda Commercial,"January 13, 2025",Anger,"  • I feel that peace between nations is superficial and only maintained by the threat of mutually assured destruction.
  • I fear that increasing populations, knowledge, and technology will only amplify our destructive potential.
  • I fear that we may need to become powerful enough to uproot foreign threats in their relative infancy before they mature.
  • Isaiah 57:20-21 (distorted).",Yes,No,"  • I won’t say the dictator names because it could be considered inciting violence.",,,,"September 26, 2026 8:26 PM"
Fleeing Zombies Outside A Shopping Mall,"April 16, 2025",Fear,,No,No,,Mum,,,"September 20, 2026 4:06 AM"
Rescuing A Sinking Cruise Ship,"April 16, 2025",Surprise,"  • MacGyver.",No,No,,,MacGyver,,"September 20, 2026 3:30 AM"
Fighting Aliens On A Cruise Ship,"April 14, 2025",Fear,"  • Surviving different types of zombies in Left 4 Dead 2.
  • The Black Arms and Death Leeches in Shadow The Hedgehog.",No,No,,,,,"September 19, 2026 11:02 PM"
Fighting A Decepticon In A Mecha,"April 14, 2025",Anger,"  • Decepticons in Transformers.",No,No,,,Decepticons,,"September 26, 2026 11:37 PM"
Angel Shields Me From Soldiers,"January 1, 2013",Fear,,No,No,,,,,"September 20, 2026 7:43 PM"
Murdering A Friend Over Beating Their Wife,"April 26, 2025",Sad,,No,No,,,Jesus,,"September 20, 2026 4:06 AM"
Poltergeist Scares A Baby,"February 16, 2024",Anger,,No,No,,,,,"September 20, 2026 3:58 AM"
Cooking Class Orientation Gone Wrong,"April 28, 2025",Fear,"  • Gordan Ramsay being strict and yelling at chefs to leave in Hell's Kitchen.",Yes,No,,,,,"September 20, 2026 4:08 AM"
Astronaut Finds An Automated Planet Gone Wrong,"April 29, 2025",Fear,"  • Alan Tracy and Thunderbird 3 from Thunderbirds.
  • The dark side from Star Wars.
  • Carter from Rush Hour.",Yes,No,,,James Carter,,"September 19, 2026 10:59 PM"
Confronting An Abusive Substitute Teacher,"May 1, 2025",Anger,"  • Teachers occasionally asked me to do errands in primary school.
  • I’ve reported students in secondary school and immediately been the suspect.
  • Either aggressive cynical thoughts that I can have or a caricature of bad teachers I've had.",Yes,No,,,,,"September 28, 2026 3:08 AM"
Evacuating A Super Tornado,"May 1, 2025",Fear,,No,No,,,,,"August 23, 2026 4:35 PM"
Watching The Minecraft Movie Gone Wrong,"May 2, 2025",Sad,"  • Minecraft mayhem: 'Chicken jockey' chaos reaches Australian cinemas: https://www.abc.net.au/news/2025-04-17/a-minecraft-movie-chicken-jockey-cinema-/105177846.
  • Santa is shocked to find dancing elves cause a mess instead of working in Fred Claus: https://youtu.be/nR2MtdrHCEs?si=-tkEbUUoCfTHEclR&t=88.",No,No,,Brother,,,"October 4, 2026 10:16 PM"
Engineering Class Orientation Gone Wrong,"April 28, 2025",Sad,"  • I only learnt maths A and worry that I’ve limited my future opportunities.
  • I’m still uncertain of my career direction.
  • The [role call] mistake is too embarrassing to share.",Yes,No,,,,,"September 26, 2026 11:47 PM"
Storm Drenches Clothes Left Outside,"April 7, 2025",Sad,,No,No,,"Brother, Mum",,,"August 23, 2026 4:52 AM"
Investigating Sleeping Clones Of My Dad,"January 11, 2020",Surprise,,No,No,,Dad,,,"August 23, 2026 12:18 AM"
Kidnapped By A Businessman To Demo A Cleaning Product,"January 11, 2020",Surprise,,No,No,,,,,"September 20, 2026 3:53 AM"
Romans Find A Shipwreck,"January 11, 2020",Fear,,No,No,,,,,"September 20, 2026 3:53 AM"
Sliding To Church Gone Wrong,"January 11, 2020",Embarrassment,,No,No,,,,,"August 23, 2026 12:18 AM"
Walking Through An Arboretum Full Of Magpies,"January 11, 2020",Fear,,No,No,,,,,"September 20, 2026 3:53 AM"
Traveling To A Family Musical Misadventure,"January 11, 2020",Happy,"  • In art class, Rhiannon and other female students often discussed everyday life.
  • My dad can be a rough driver and it makes me feel uncomfortable.",No,No,,"Dad, Mum, Rhiannon C",,,"September 20, 2026 3:53 AM"
Moving A Haunted Painting Gone Wrong,"May 14, 2025",Sad,"  • I watched a video about The Anguished Man haunted painting.",No,No,,,,,"September 20, 2026 4:10 AM"
Simultaneous Church Services Disrupt Each Other,"May 7, 2025",Anger,,No,No,,,,,"September 6, 2026 2:14 AM"
Zombie Prop Hunt Gone Wrong,"May 22, 2025",Fear,"  • The Medic Vs Engineer zombie gamemode and Demoman sticky jumping in Team Fortress 2.",No,No,,,,,"September 20, 2026 3:31 AM"
Japanese Eating Game Show Gone Wrong,"May 23, 2025",Happy,,No,No,,,,,"August 23, 2026 2:26 AM"
Attending A Christian Meeting About Church Decline,"May 23, 2025",Anger,"  • I feel like the church could do a lot better.
  • I read God Has A Wonderful Plan For Your Life.
  • Decline in religious affiliation: https://www.abs.gov.au/articles/religious-affiliation-australia.",Yes,No,I added a brain dump of thoughts I've been having lately.,,,,"October 4, 2026 10:16 PM"
Shrapnel Pierces A Soldier's Brain,"January 1, 2016",Fear,"  • [Likely] In history class, we learned about WW2 and how soldiers were badly wounded by artillery shrapnel in beach landings that injured their bodies and faces.",No,No,,,,Nightmare,"September 20, 2026 3:46 AM"
Trolled On Omegle By A Fat Man Pretending To Be A Girl,"May 24, 2025",Fear,"  • I watched Omegle pranks involving men pretending to be women.",No,No,,Mum,,,"September 20, 2026 4:10 AM"
Mum Killed In An Earthquake,"January 1, 2013",Sad,,No,No,,Mum,,,"September 20, 2026 3:40 AM"
Superstorm Drives Crocodiles Into Populated Areas,"May 27, 2025",Fear,"  • Allegedly agents scanned John Lang's home: https://youtu.be/wsFBeetiYMs?si=Vs1sqtWgHBt2aZcI&t=410.",No,No,,,,,"October 4, 2026 10:17 PM"
Road Trip Adventure Reflection,"May 27, 2025",Sad,"  • I took candid photos of monitors as a child because I didn't know how to take screenshots.
  • I’ve started working on Fandom wikis again this year.
  • I’ve grown to hate videogames because I feel like they’re a waste of time.
  • Road Trip Adventure.",Yes,No,"  • Road Trip Adventures featured Quick-Pic Shops everywhere not treasure chests.
  • I added a brain dump of thoughts I've been having lately.",,,,"September 27, 2026 12:11 AM"
Questioning The Age Of An Ancient Robot,"May 26, 2025",Surprise,,No,No,,,,Microdream,"August 22, 2026 4:28 AM"
Getting An X-Ray In An Abandoned Hotel,"May 29, 2025",Fear,"  • I’m squeamish about seeing the inside of body parts.",No,No,,Mum,,,"September 19, 2026 11:23 PM"
Witch Forest Ritual,"January 1, 2017",Surprise,,No,No,,,,,"August 23, 2026 12:16 AM"
Delegating A Generator Efficiency Task,"June 5, 2025",Happy,"  • I tend to do too many things myself.",No,No,,,,,"September 19, 2026 11:23 PM"
Haunted Mansion Investigation Gone Wrong,"June 11, 2025",Fear,"  • Coco doesn’t react when I move her paws from under blankets.",No,No,,,,,"September 19, 2026 11:26 PM"
Considering Switching To An Engineering Degree,"June 11, 2025",Sad,"  • I fear that I chose the wrong career and won't make a lasting impact if I don't become an engineer.",No,No,,,,,"September 27, 2026 12:15 AM"
Disembodied Voice Gives Bad Prophecies,"January 1, 2014",Fear,,Yes,No,,,,,"September 20, 2026 7:56 PM"
Hiding From Slenderman On The Sofa,"January 1, 2013",Fear,"  • Loud static plays when Slender Man is nearby in Slender: The Eight Pages.",No,No,,,Slenderman,,"September 20, 2026 7:46 PM"
Neighbourhood Replaced With A Rice Processing Plant,"January 1, 2014",Sad,,No,No,,,Owen Wilson,,"August 22, 2026 11:47 PM"
Winning Art Competition,"June 21, 2025",Sad,"  • In 2018 I received the best artwork of year 12 award by public vote.
  • My brother also did art and won awards.
  • Other students and I fixed up laptops in the trolley at the end of classes.
  • In 2016 the government cut computer funding and the school adopted BYOD: https://www.abc.net.au/news/2016-12-16/queensland-schools-byod-laptop-program-a-burden-on-parents-qtu/8124588.
  • I fear running out of creative ideas.",No,No,,"Katherine P, Mrs Brown",,,"October 4, 2026 10:17 PM"
Extreme Swimming Lessons Gone Wrong,"June 18, 2025",Fear,"  • I was afraid of swimming in primary school.",No,No,,Julien C,,,"September 20, 2026 4:12 AM"
Enemy Base Infiltration Gone Wrong,"June 20, 2025",Fear,"  • Floating spinning platform obstacles with spikes and fire in Ratchet And Clank 3.",No,No,,Julien C,,,"September 19, 2026 11:27 PM"
Cars Towed Away By A Homicidal Alien,"June 21, 2025",Fear,"  • [Likely] Jumba and Pleakley try to capture Stitch in Lilo And Stitch.
  • Biblically accurate angels.",No,No,,"Brother, Dad, Mum",,,"September 19, 2026 11:29 PM"
Voting To Hear Students Rap,"June 26, 2025",Sad,"  • I found lots of loose change around my secondary school.
  • I feel detached from activities that feel non-productive and superficial.",No,No,,,,,"September 19, 2026 11:31 PM"
Delivering Food To Charity By Boat,"June 26, 2025",Happy,,No,No,,,,,"September 20, 2026 4:13 AM"
Exposing Demons In A Christian School,"July 3, 2025",Surprise,"  • My brother, another church member, and I attended a youth group event featuring a hot dog eating contest on fold-out tables with green silk cloths, a few worship songs, and casual alter calls. My brother and I were appalled by its performative nature.
  • My mum often questions my brother and I about problems we didn’t cause, making it feel like she's blaming us.
  • During religious education in primary school, Carley randomly flipped through the bible and was shocked by a story about rape which she told others about with the attitude that the bible should be avoided.
  • Hebrews 12:29.
  • Acts 20:29-30.
  • I've watched videos of exorcisms and the demons are often hesitant to leave.
  • Ray Comfort said God is loving but also a holy judge who punishes sin. He also warns against turning him into a watered-down idol to please ourselves: https://youtu.be/iE-P7KGZi_o?si=25qWN0HWSj_llFzs&t=548.",Yes,No,,Sarajah,,,"October 4, 2026 10:17 PM"
Shopping Mall Zombie Lockdown Survival,"July 3, 2025",Fear,"  • Blair possibly infected himself by touching his lip with a pencil in The Thing: https://youtu.be/wrozyKXjaNc?si=ZbnzPtUB0qWPaHPH.
  • Pale faces of female ghosts are often hidden in paranormal videos.
  • Technology is evolving so rapidly that it feels like it will soon do anything.",No,No,,,,,"October 4, 2026 10:18 PM"
Becoming A Millionaire Via The Stock Market,"January 1, 2014",Happy,"  • I was curious about investing in the stock market and experimented with trading simulators.",No,No,,,,,"September 20, 2026 3:14 AM"
Courthouse RTS,"July 2, 2025",Surprise,"  • In The Conquerors 3 (Roblox), starting with a strong naval unit can shutdown the enemy on water maps. During FFA, enemies will typically try to capture your base if you leave it.
  • Nurse Dollie follows predefined paths in Five Nights At Freddy's: Secret Of The Mimic.
  • Slimes in Minecraft.
  • Goob and DOR-15 in Meet The Robinsons.
  • Some characters or threats are highlighted in red in Mad God.",No,No,,,"Bowler Hat Guy, DOR-15, Slimes",,"September 27, 2026 12:32 AM"
Violent Alien Abduction,"January 1, 2013",Fear,,No,No,,,,Nightmare,"September 20, 2026 3:38 AM"
Makeshift Gym Electricity Experiment,"July 5, 2025",Surprise,,No,No,,Mum,,,"August 23, 2026 2:29 AM"
Air Show Tricks Gone Wrong,"April 4, 2024",Fear,,No,No,,,,,"August 23, 2026 12:29 AM"
Gorilla Yelling,"January 1, 2024",Anger,,No,No,,,,Microdream,"August 23, 2026 12:25 AM"
Last Day Of Primary School Gone Wrong,"July 9, 2025",Sad,,No,No,,,,,"August 23, 2026 2:29 AM"
Western Roleplay Excursion Gone Wrong,"July 17, 2025",Sad,"  • Gold rush excursion in primary school with a bandit actor.",No,No,,,,,"September 19, 2026 11:34 PM"
Industrial Room Team Deathmatch,"July 16, 2025",Fear,"  • Team Fortress 2 casuals vs pros: https://youtu.be/EuxyUhwx0oI?si=YBrQDSDeguq_I5Bx.
  • Airsoft battle royale fighting beside a wall gone wrong: https://youtu.be/XZB9eG2wYow?si=Zo7p3MdR8yYg1Ee-&t=436.",No,No,,,,,"October 4, 2026 10:19 PM"
Hide And Seek Art Gallery Misadventure,"July 19, 2025",Surprise,"  • During secondary school, the art teachers taped decorative black paper borders to our art without asking for the school art gala.",No,No,,"? Co Art Teacher, ? Indian Student",,,"September 19, 2026 11:35 PM"
Robot Cleans Up Cow Poo,"July 18, 2025",Happy,"  • I’ve been thinking about ways robots could improve the world (not this though).",No,No,,,,,"September 19, 2026 11:34 PM"
Outsmarting An Insurance Scammer,"July 18, 2025",Happy,"  • In most videos of insurance scammers I’ve seen, they play the victim but flee when they know you have a dashcam.",No,No,,,,,"September 27, 2026 7:01 PM"
A Man Sings A Call To Repentance,"July 18, 2025",Surprise,"  • [Likely] “Woken” song in Mad God.",No,No,,,,,"September 19, 2026 11:35 PM"
Reflecting On My Apeirophobia,"July 18, 2025",Happy,"  • I used to have a fear of infinity about things like:
      ◦ Being unable to comprehend infinity.
      ◦ The fear that across eternity, everything will eventually fall apart.
  • I recently watched a few videos from Cinema Therapy.",No,No,,,"Alan Seawright, CaseOh, Jonathan Decker",,"September 27, 2026 7:16 PM"
Promoted To Admin In A Towny Minecraft Server,"January 1, 2014",Happy,"  • I used to play on a Minecraft New Zealand Towny server a lot. I built a few bases and was friends with a few players, including RobyWounder, the admin.",No,No,,RobyWounder,,,"September 20, 2026 7:47 PM"
Dad Accidentally Clicks On A Disguised Porn Video,"July 29, 2025",Surprise,"  • Sometimes my dad briefly watches children’s TV shows to see what they’re showing the next generation.
  • I’ve reported accounts that have hosted both porn and children’s cartoons.",No,Yes,,Dad,,,"September 27, 2026 3:06 AM"
Unnoticed Villain At A Family Musical,"August 6, 2025",Surprise,"  • My family once left halfway through a Christmas church musical because it prioritized Santa and Reindeer over Jesus.
  • I sometimes make jokes about going to IKEA.
  • The serial killer is in all scenes and kills everyone in the end in Too Many Cooks.",No,No,,"Brother, Dad, Mum",,,"September 27, 2026 3:07 AM"
Bad Teenagers Cause Chaos In My Neighbourhood,"August 7, 2025",Fear,"  • National Insecurity cancels National Security in Pauline Hanson's Please Explain: https://youtu.be/2pUQQx9EIOg?si=_XhP1ou-7hEN5zNJ&t=182.",No,No,"  • Possibly predicted a car being firebombed in the street near my unit complex about three months later.","Brother, Dad, Mum",,Precognitive,"October 4, 2026 10:19 PM"
"Revisiting The Studio In Sheep, Dog 'n' Wolf","August 8, 2025",Sad,"  • Sheep Dog 'n' Wolf.",Yes,No,,,Godzilla,,"September 27, 2026 3:16 AM"
Russia Invades Australia,"August 12, 2025",Fear,"  • Russia consistently rejects Western peace terms in the Russo-Ukrainian war.",No,No,,,,,"September 20, 2026 4:16 AM"
Alex Jones Dies At 60,"August 1, 2025",Sad,"  • Alex Jones Sandy Hook defamation lawsuit: https://www.theguardian.com/us-news/2025/oct/14/alex-jones-supreme-court-appeal-rejected.",No,No,,,Alex Jones,,"October 4, 2026 10:19 PM"
Escaping A Strict School Gone Wrong,"January 1, 2018",Fear,,No,No,,,,,"August 23, 2026 12:17 AM"
Workers Enslaved By AI Carry Pipes To Germany,"August 6, 2025",Surprise,"  • A cyborg dictator enslaves synthetic grey workers in Mad God.",No,No,,"Brother, Dad, Mum",,,"September 19, 2026 11:47 PM"
Avoiding Gunmen In A Carpark,"August 6, 2025",Fear,,No,No,,"Brother, Dad, Mum",,,"August 22, 2026 8:57 PM"
A Hotel Gives Me Corn Chips For My Birthday,"January 1, 2025",Surprise,"  • I like eating corn chips and salsa once a week.
  • My birthday is near.",No,No,,"Brother, Dad, Mum",,,"September 26, 2026 7:52 PM"
Playing With Bricks Gone Wrong,"August 20, 2025",Surprise,,No,No,,,,,"September 20, 2026 4:16 AM"
Hardcore Zombie Wave Survival,"August 24, 2025",Fear,"  • Upgrading engineer buildings by hitting them with a wrench in Team Fortress 2.
  • The purple fog and cube monsters in Fortnite.",No,No,,,,,"September 27, 2026 3:18 AM"
Waiting For A Swimming Assessment,"August 23, 2025",Sad,,No,No,,,,,"July 12, 2026 9:29 PM"
"Family Friendly ""Deathrun"" Obstacle Course","August 26, 2025",Surprise,"  • The deathrun gamemode in Team Fortress 2.
  • Mining blocks in Minecraft.",No,No,,"Brother, Dad, Mum",,,"September 27, 2026 3:18 AM"
Mum Wins A MrBeast Gameshow,"August 30, 2025",Fear,"  • I recently watched MrBeast videos.",No,No,,Mum,MrBeast,,"September 27, 2026 3:20 AM"
Friends Interrupt My Christian Infographic,"August 29, 2025",Sad,"  • I feel like I constantly can't pursue what I want and give into worthless distractions.",No,No,,"Dad, Mum",,,"September 27, 2026 3:19 AM"
Obstacle Course And Cooking Gameshow,"January 1, 2016",Happy,"  • [Likely] Foam obstacle courses in Total Wipeout.",No,No,,,,,"September 19, 2026 5:35 PM"
Reenabling Sofa Cushions,"September 5, 2025",Surprise,,No,No,,Mum,,,"August 22, 2026 9:04 PM"
Cleaning Houses Gone Wrong,"September 5, 2025",Fear,,No,No,,"? Angus's Mother, Angus, Mum",,,"September 20, 2026 4:18 AM"
Surviving A Village Run By Psychopaths,"September 12, 2025",Fear,"  • [Likely] I saw a thumbnail of The Deer from 99 Nights In The Forest on the Roblox home page.
  • Poor individuals are preyed upon to undergo government experiments and psychopaths roam the trials in The Outlast Trials.
  • Psychopaths create pig and cow monsters in The Butchery (Roblox).",No,No,,,,,"September 27, 2026 5:39 PM"
Dad Makes A Cake Out Of Honeycomb,"September 16, 2025",Disgust,,No,No,,"Brother, Dad, Mum",,,"September 20, 2026 4:18 AM"
Following A Light Into A Void Gone Wrong,"September 17, 2025",Fear,"  • People on Discord and Fandom post stupid memes, obsess over everything, engage in petty arguments, and do other vain things.
  • I'm worried that I'm letting myself go and wasting my life on worthless distractions.
  • I keep doing what my conscience warns me to stop and let urges pull me back to waste time whenever I feel worn out, particularly at the end of the week.",Yes,No,,,,Nightmare,"September 27, 2026 6:33 PM"
Confronting Marijuana Addicts,"September 17, 2025",Sad,"  • I feel frustrated that people waste their time and don't pursue a higher purpose or deeper thinking because of instant gratification and chasing the vain things that society rewards.",Yes,No,,,,,"September 27, 2026 5:57 PM"
Chinese Market Gone Wrong,"September 22, 2025",Anger,"  • We planned to visit the Taiwan Night Market at UQ on the 27th of September.",No,No,,"Brother, Dad, Mum",,,"September 27, 2026 6:40 PM"
Racing In A Car At Night,"October 4, 2025",Fear,,No,No,,"Brother, Dad, Mum",,,"August 22, 2026 9:39 PM"
Building A Bunker To Survive Bombers,"October 6, 2025",Fear,,No,No,,"Brother, Dad, Mum",,,"September 20, 2026 4:19 AM"
Metal Arms Gameover Screen,"February 12, 2014",Sad,"  • Glitch's body parts sag to reflect his low health in Metal Arms: Glitch in the System.
  • Either a storyboard reel or Damo’s choppy walking animation in Damo And Darren 1: https://youtu.be/vmL72sgVdAQ?si=4OpKqpNbqSqilyke&t=143.",No,No,,,Glitch,,"October 4, 2026 9:59 PM"
Drawing An Anime Woman,"January 1, 2017",Surprise,"  • I wanted to draw anime but wasn’t skilled enough.",No,No,,,,,"September 20, 2026 3:47 AM"
Escaping Police At My Unit,"January 1, 2017",Fear,,No,No,,,,,"September 20, 2026 3:47 AM"
Reunion With Julien Gone Wrong,"October 13, 2025",Sad,"  • I have lost contact with Julien, my friend from school, and miss him. I fear that Julien has lost interest in me and is not the person who I once knew.
  • I'm worried my brother spends too much time scrolling social media every day.",No,No,,Julien C,,,"September 27, 2026 6:43 PM"
Building A Stone Shoe Statue,"October 23, 2025",Anger,"  • I feel like my university is more interested in superficial branding than improving the teaching quality.
  • I worry that society is making no effort to protect itself against a potential WW3.",Yes,No,,,Mrs Sheil,,"September 27, 2026 6:52 PM"
Raptured To A Dystopian Heaven,"January 1, 2017",Surprise,"  • My parents still collect DVDs.",No,No,,"Brother, Dad, Mum",,,"September 20, 2026 11:53 PM"
Newspaper Geography Competition,"January 1, 2017",Surprise,,No,No,,,,,"August 23, 2026 12:16 AM"
Regretting Music Classes,"November 1, 2025",Sad,"  • Semaphores from my university lecture in Systems Design.
  • During university group assessments, most students don't read the prescribed readings.",No,No,,,,,"September 27, 2026 7:21 PM"
Chased By A Tripod Alien,"November 4, 2025",Fear,"  • The tripod aliens from War Of The Worlds.",No,No,,Mum,Tripod Alien,,"September 28, 2026 12:23 AM"
Casual Christian Meetup,"November 4, 2025",Embarrassment,"  • My mum is against media featuring witchcraft and horror.
  • 1 Peter 3:7.
  • Bryce Crawford claimed it's fine to get tattoos after becoming a Christian: https://youtu.be/q806cx4YiVc?si=_5pUFNT5kZbK4RBx&t=1453. When I initially saw Bryce, I was wary that he could be trendy and a bit too worldly.",No,No,,"Brother, Dad, Mum",Bryce Crawford,,"October 4, 2026 10:24 PM"
Confronting Child Thieves,"November 4, 2025",Anger,,No,No,,,,,"August 23, 2026 7:24 PM"
Repelling Trespassers With Water,"November 8, 2025",Anger,,No,No,,,,,"June 5, 2026 4:02 AM"
Sushi Warehouse Buffet Excursion,"November 6, 2025",Fear,,No,No,,,,,"June 5, 2026 4:02 AM"
Misleading Free Coca Cola Advertisement,"July 10, 2020",Sad,,No,No,,Julien C,,,"August 23, 2026 8:55 PM"
Red Rooster 51st Anniversary Gone Wrong,"November 20, 2025",Surprise,,No,No,,"Brother, Dad, Mum",,,"August 23, 2026 5:46 PM"
Superhero Live Meet And Greet Mask Feedback,"April 18, 2024",Surprise,"  • Willem Dafoe in Spiderman.",No,No,,,Willem Dafoe,,"September 19, 2026 9:56 PM"
Showing Up On The Wrong Day For A University Banquet,"April 18, 2024",Sad,"  • I accidentally showed up a day early to school when juniors and seniors started on different days.",No,No,,,,,"September 26, 2026 4:26 PM"
Training To Become A Submariner,"November 21, 2025",Surprise,"  • During IT class in secondary school, a few students occasionally messed around by playing loud strange audio clips.
  • During recess in secondary school, Reilly flashed a video of gorillas mating on his phone to see how people would react.",No,No,,,,,"September 28, 2026 12:28 AM"
Curfew Outside My Unit,"December 9, 2020",Fear,,No,No,,,,,"August 23, 2026 12:20 AM"
Rectangle Jumping Arcade Game,"September 2, 2024",Happy,,No,No,,,,,"June 5, 2026 1:56 AM"
Ghost Hunting At 3AM,"November 26, 2024",Fear,"  • The 3AM challenge.",No,No,,Tabitha,,,"September 19, 2026 10:20 PM"
Dad's Brother Assaults My Sister During The Night,"November 14, 2025",Fear,"  • Jack is a compulsive liar and my dad is hesitant to trust him.",No,No,,"Dad, Jack R, Mum",,,"September 28, 2026 12:23 AM"
Encountering Strangers On A Coastal Road Gone Wrong,"November 15, 2025",Fear,,No,No,,Dad,,,"September 6, 2026 2:15 AM"
Late For Exams,"November 29, 2025",Fear,"  • During university, I sometimes stayed up late and woke up at 2pm to 3pm.
  • I once missed an exam.
  • The Olive Garden sponsor from The Michael Knowles show.",No,No,,"Dad, Mrs Putin, Mum",Dalek,,"September 28, 2026 12:34 AM"
Winning Big On A Coin Pusher,"December 3, 2025",Happy,"  • As children, my parents took my brother and I to a sports club and put us in the kid’s room.
  • As children, my parents took my brother and I to arcades and sometimes we played coin pushers like Fantastic Fever 3 and Medalink. I once found 2 tokens on the carpet and turned them into an ongoing streak in Medalink Western Dream because it paid out easily as all you had to do was line up the shots twice.
  • An ABC radio host discussed electric cars on my morning alarm.",No,No,,,,,"September 28, 2026 1:20 AM"
Water Park Excursion Gone Wrong,"December 4, 2025",Fear,"  • Steven and Jayden bullied many students in primary school, including me.",No,No,,"Jayden M, Mrs Brown, Steven M",,,"September 28, 2026 1:20 AM"
Lost In The Ocean And Following Stars Back To Land,"January 1, 2013",Surprise,,No,No,,,,,"August 22, 2026 11:43 PM"
Winning A Lamborghini On A MrBeast Gameshow,"December 12, 2025",Surprise,"  • MrBeast often stares at the screen with the vine boom sound effect during awkward moments.",No,No,,,MrBeast,,"September 28, 2026 1:21 AM"
The Flintstones During The Great Depression,"November 20, 2025",Surprise,"  • Fred Flintstone and Barney Rubble from The Flintstones.",No,No,,,"Barney Rubble, Fred Flintstone",,"September 28, 2026 12:23 AM"
Driving Along Narrow Paths Gone Wrong,"December 26, 2025",Fear,,No,No,,Mum,,,"August 23, 2026 5:49 PM"
Group Assessment About Doomscrolling Gone Wrong,"December 31, 2025",Fear,"  • During a university creative industries group assessment, my teammates naively assumed that since they had matching 16Personalities types, we would do well and get a 7. They struggled to contribute at the end of the semester due to other assessments.
  • In the same class, another team of women researched how women were oppressed in a male-dominated industry.
  • During a solo university creative industries assessment, I drew a simple 2D storyboard for a zine because I was running out of time.
  • The dream was inspired by my art idea of being trapped in barbed wire by distressing media and life problems.",Yes,No,,,,,"October 4, 2026 5:29 PM"
Mistakenly Thinking There Was A Demon In An Apartment,"January 1, 2025",Fear,,No,No,,,,,"August 23, 2026 4:05 AM"
A Band Plays Music For God Over Billions Of Years,"January 3, 2026",Surprise,"  • Revelation 4:8.",Yes,No,"  • I forgot the rest of the dream which was unrelated.",,God,,"September 28, 2026 1:46 AM"
Falling Asleep On The Sofa,"January 1, 2016",Surprise,"  • I’ve almost fallen asleep on the sofa before.",No,No,,"Brother, Dad, Mum",,False Awakening,"September 19, 2026 5:37 PM"
Host Introduces The Mark Of The Beast,"January 13, 2026",Fear,"  • My brother has researched some political conspiracy theories.
  • Revelation 13:16-17.
  • [Likely] Unholy at the Grammy’s: https://youtu.be/iKkiIqwg15M?si=0tBmYNb16XsMnjX8&t=23.
  • [Likely] Jimmy Kimmel Live: Jim Carrey’s secret hand signal skit: https://youtu.be/eG9i7d8yfKQ?si=ZhT4J1pLwfLyuMij&t=50.
  • IShowSpeed left a witch because he felt concerned: https://youtu.be/g7zFNRrXnME?si=sqnr-5P31LtnbpeQ&t=379.",Yes,No,,Brother,IShowSpeed,,"October 4, 2026 10:25 PM"
Children Electrocuted By Balloons Touching Power Lines,"January 14, 2026",Fear,"  • Electrifying a candle flame: https://youtu.be/Fpz13fgZYU4?si=n4cHtXbpbtyuJnF9&t=151.",No,No,,,,,"October 4, 2026 10:26 PM"
Mocking The 5G Internet Tram,"January 14, 2026",Happy,,No,No,,,,,"August 23, 2026 5:57 PM"
Winning An Airsoft Battle Against Soldiers,"January 15, 2026",Happy,,No,No,,,,,"June 5, 2026 4:13 AM"
Erika Kirk Debates Charlie Kirk's Assassination,"January 15, 2026",Sad,"  • Charlie Kirk’s assassination: https://en.wikipedia.org/wiki/Assassination_of_Charlie_Kirk.",No,No,,,Erika Kirk,,"October 4, 2026 10:26 PM"
Black Liquid In A Plastic Bottle Turns Into A Giant Monster,"January 17, 2026",Fear,,No,No,,,,,"August 23, 2026 5:58 PM"
Meeting With My Ex-Girlfriend,"January 19, 2026",Fear,,No,No,,Dad,,,"August 23, 2026 5:59 PM"
Moving Into A Questionable Refurbished Heritage Apartment,"January 20, 2026",Sad,,No,No,,,,,"August 23, 2026 6:00 PM"
Secret Urine Collection Experiments In The Men's Restroom,"January 20, 2026",Disgust,,No,Yes,,,,,"August 22, 2026 3:21 AM"
Attending A Class With A Strict Asian Substitute Teacher,"January 21, 2026",Fear,,No,No,,,,,"August 23, 2026 6:01 PM"
Creating A Metal Arms Wave-Based Survival Videogame,"January 22, 2026",Happy,"  • I have been recently working on the Metal Arms Fandom.
  • [Likely] Developing Minecraft maps and encountering bugs in my scripts.",No,No,,,,,"September 20, 2026 4:22 AM"
Escaping Police Trying To Arrest My Family For Watching A Movie,"February 2, 2026",Fear,"  • People are being arrested in the UK for posting content deemed hate speech.
  • New bill to stop antisemitism and hate speech: https://www.aph.gov.au/Parliamentary_Business/Bills_Legislation/Bills_Search_Results/Result?bId=r7422.
  • Some people tried cancelling “A Super Progressive Movie”.
  • I recently watched A Super Progressive Movie.",No,No,,"Brother, Dad, Mum",,,"October 4, 2026 10:27 PM"
Trolling Players In A War Tycoon,"February 3, 2026",Happy,"  • [Likely] Seeing thumbnails for military tycoons on the front page of Roblox.",No,No,,,,,"September 20, 2026 2:44 AM"
Finding An Elevator That Creates Infinite Virtual Worlds,"February 7, 2026",Surprise,"  • Random scenarios on each floor in The Elevator (Roblox).
  • Genie 3: A new frontier for world models: https://deepmind.google/blog/genie-3-a-new-frontier-for-world-models/.",No,No,,,,,"October 4, 2026 10:28 PM"
Dash Infiltrates A Covert Cult Undercover,"February 8, 2026",Fear,"  • I uploaded Grunts T-posing with L-shaped arms to the Metal Arms Glitch In The System Fandom: https://metalarms.fandom.com/wiki/File:Grunt-Red-Model.png.
  • [Likely] The Screenslaver wearing all black with cyan eyes in The Incredibles 2.",Yes,No,,,,Nightmare,"October 4, 2026 10:29 PM"
Chased By A Wooden Effigy To A Skyscraper,"February 19, 2026",Fear,,No,No,,Michael C,,,"August 23, 2026 6:14 PM"
Crawling Across A Skyscraper Skywalk,"January 1, 2013",Fear,,No,No,,,,,"September 20, 2026 3:42 AM"
Robots Assault A Sci-Fi Base,"January 1, 2015",Surprise,"  • I drew the wall robot in class once as a purposefully absurd idea.",No,No,"  • I was considering making a videogame with robots but scrapped the idea because it felt unoriginal, lacked direction, and was too complex.",,,,"September 21, 2026 12:03 AM"
Looking At A Shadow Being Outside The Window,"February 25, 2026",Surprise,,No,No,,Brother,,,"August 23, 2026 2:39 AM"
Realizing That I Have Eight Fingers And Toes,"February 27, 2026",Surprise,,No,No,,,,,"August 23, 2026 2:39 AM"
Discovering A Hole In My Forehead,"January 1, 2025",Fear,,No,No,,,,,"August 23, 2026 2:13 AM"
Applying For An Action Hero Movie Scene Internship,"March 5, 2026",Surprise,,No,No,,,Ben Shapiro,,"August 23, 2026 6:15 PM"
My Cousins Stay Over For A Week,"March 6, 2026",Fear,"  • Survive monsters in a hotel and loot drawers in Doors (Roblox). Some drawers and cupboards are booby trapped with monsters.",No,No,,Ruth K,Woody,,"September 26, 2026 4:09 PM"
Entering A School Assembly While A Teacher Tries To Conduct A Survey,"March 8, 2026",Anger,,No,No,,,,,"August 23, 2026 6:19 PM"
Discovering Non-Alcoholic Orange Flavoured Beer Created By Optus,"March 9, 2026",Fear,,No,No,,,,,"August 23, 2026 2:39 AM"
Living Inside An African Town Enslaved By A Dictator,"March 11, 2026",Surprise,,No,No,,,,,"August 23, 2026 6:20 PM"
Seeing The Heads Of Freddy And Chica Outside A House,"March 11, 2026",Fear,"  • Hallucinations of animatronic heads in Five Nights At Freddy's.",No,No,,,"Chica, Freddy Fazbear",,"September 20, 2026 2:48 AM"
Excursion To A Department Store Gone Wrong,"March 25, 2026",Fear,,No,No,,,,,"August 23, 2026 2:38 AM"
Investing In The Stock Market Gone Wrong,"March 25, 2026",Fear,,No,No,,,,,"August 23, 2026 2:38 AM"
Noticing Melanoma On My Leg,"March 29, 2026",Fear,,No,No,,Dejan C,,,"August 23, 2026 6:21 PM"
Attending A Videogame Workshop Gone Wrong,"April 4, 2026",Sad,"  • I once had a university group assessment with 3 members instead of the expected 5 and struggled to come up with ideas so we resorted to one that a team member suggested a week earlier.",No,No,,,,,"October 4, 2026 10:30 PM"
Playing A Military Videogame About Using The Correct Units,"April 6, 2026",Surprise,,No,No,,,,,"August 23, 2026 2:37 AM"
Excursion To Create A New Product Gone Wrong,"April 8, 2026",Embarrassment,,Yes,No,,"Bianca D, Thomas R",,,"August 23, 2026 6:26 PM"
"Video Game About Defeating Skeletons, Mutants, And Zombies In An Egyptian Pyramid","April 3, 2026",Surprise,,No,No,,,,,"August 23, 2026 2:38 AM"
Escaping A Psychiatric Ward And Fantasying About Being A Former Student,"April 16, 2026",Surprise,,Yes,No,,,,,"August 23, 2026 6:29 PM"
Seeing Alien Pyramid Drones In The Sky At Night,"April 12, 2026",Surprise,"  • About 1 week ago I looked out the window in the upstairs master bedroom and saw two motionless white dots in the night sky close together which I thought was strange and got my mum to look at. It seemed like one dot merged into the other then they moved to the right and disappeared.
  • During the 2021 Pentagon UFO document hype I saw videos like:
      ◦ Triangle UFO over the USS Russell: https://youtu.be/SKsLK_Na7iw?si=CSzsx9YueihGoCsH.
      ◦ Giant multi-light triangle UFOs (something like this): https://youtu.be/9aXlxGDo3-4?si=uU19N3PZuFqD3QHW.
  •  Imperial Star Destroyer from Star Wars.",No,No,,,,,"October 4, 2026 10:30 PM"
Video Game About Shooting Terminators,"April 3, 2026",Surprise,"  • [Likely] Seeing Terminator arcade games.",No,No,,,,,"September 20, 2026 2:48 AM"
Playing Minecraft With My Cousins And Installing A Giant Robot Mod,"April 10, 2026",Fear,"  • I played with my cousins in Minecraft a long time ago and installed mods like Orespawn and placed Robo Gunners everywhere: https://web.archive.org/web/20210301093532/http://www.orespawn.com/robo-gunner.html.",No,No,,"Gabbie K, Mercedes K",,,"October 4, 2026 10:30 PM"
Cleaning Up Popcorn Gone Wrong,"April 25, 2026",Sad,,No,No,,,,,"August 23, 2026 2:36 AM"
A Missing Tech Influencer Makes A Comeback,"April 27, 2026",Surprise,,No,No,,,Gabe Newell,,"October 4, 2026 5:39 PM"
Mobile Task Force Sent To A Science Lab Overrun By Monsters Gone Wrong,"May 5, 2026",Fear,,No,No,,,,,"August 22, 2026 3:30 AM"
Playing A Videogame About Strategically Robbing Houses,"April 13, 2026",Fear,,No,No,,,,,"August 23, 2026 2:37 AM"
Attending A Next Generation Cruise Ship Gone Wrong,"May 6, 2026",Surprise,,No,No,,,,,"August 22, 2026 3:30 AM"
FNAF Animatronics In A Supermarket Attack Customers,"May 12, 2026",Surprise,,No,No,,,"Bonnie, Chica, Foxy, Freddy Fazbear",,"August 23, 2026 6:33 PM"
Angry At A Math Teacher For Teaching History Not Math,"May 14, 2026",Anger,"  • I was reading about signs of gaslighting yesterday.",No,No,,,,,"September 20, 2026 3:00 AM"
Rescuing Clothes Outside During A Surprise Flood,"May 16, 2026",Surprise,,No,No,,,,,"June 5, 2026 4:26 AM"
A Magical Plant In The Backyard Grows Steaks,"May 16, 2026",Embarrassment,,No,No,,,,,"June 5, 2026 4:26 AM"
Secret Agents Flee A Store Held Hostage By Criminals,"May 19, 2026",Fear,,No,No,,,,,"August 23, 2026 6:36 PM"
Failing To Find An Injured Cat,"May 20, 2026",Sad,,No,No,,Dad,,,"August 23, 2026 6:37 PM"
Enslaved In An Underground Desert Facility,"May 22, 2026",Surprise,"  • Lady Cassandra needs to be constantly moisturized in Doctor Who.",No,No,,,,,"September 28, 2026 1:39 AM"
Playing A Wacky RTS Videogame,"May 22, 2026",Surprise,,No,No,,,,,"June 5, 2026 4:26 AM"
Playing Hide And Go Seek At A Rural Road Gone Wrong,"May 25, 2026",Surprise,,No,No,,,,,"August 23, 2026 6:41 PM"
Playing Hide And Go Seek At A Playground Gone Wrong,"May 25, 2026",Sad,,No,No,,,,,"August 23, 2026 6:39 PM"
Left Behind During The Rapture,"May 25, 2026",Fear,,No,No,,"Brother, Dad, Mum",,,"August 23, 2026 6:38 PM"
Preparing To Move Out Gone Wrong,"May 27, 2026",Sad,,No,No,,"Brother, Dad, Mum",,,"August 23, 2026 6:42 PM"
Scared By A Cockroach On My Shoulder During A DIY Project,"June 2, 2026",Fear,,No,No,,,,Nightmare,"August 23, 2026 6:43 PM"
Playing A Videogame With Random Survival Horror Scenarios,"June 3, 2026",Fear,,No,No,,,,,"August 23, 2026 6:45 PM"
Creating Planets With Civilizations Gone Wrong,"June 4, 2026",Sad,,Yes,No,,,Jordan Peterson,,"August 23, 2026 6:45 PM"
Attending A Fancy Banquet Gone Wrong,"June 4, 2026",Embarrassment,,No,No,,"Noah ?, Reece ?",,,"August 22, 2026 7:20 PM"
Not Feeling Compelled To Dance At My Graduation Formal,"June 13, 2026",Sad,"  • During my secondary school graduation formal I didn’t feel compelled to dance and stood watching everyone.",No,No,,? Ben,,,"September 20, 2026 3:00 AM"
Attending An Awful Magic Show,"June 13, 2026",Bored,,No,No,,,,,"August 23, 2026 2:34 AM"
Slapstick Magic Show With A Mad Scientist And Sock Puppet,"June 13, 2026",Happy,,No,No,,,,,"August 23, 2026 6:47 PM"
Spaceship Flees A Giant Tentacle Monster,"June 4, 2026",Fear,,No,No,,,,,"August 22, 2026 3:33 AM"
SpongeBob Visiting Squidward After His Suicide,"June 17, 2026",Sad,"  • Squidward's Suicide creepypasta.
  • Liminal space aesthetic from backrooms content.",Yes,No,,,"Mr Krabs, Spongebob, Squidward",,"September 20, 2026 3:02 AM"
A Ghost Attempts To Injure Patients With Nails,"June 18, 2026",Fear,,No,No,,,,,"August 23, 2026 2:33 AM"
Chased By An Alien Into A Shopping Centre,"June 18, 2026",Fear,"  • Ian Holm’s android with no legs and white liquid inside in Alien: https://youtu.be/LCpF7z4JszE?si=aPDORLNkgHmL1cFz&t=1930.",No,No,,,,,"October 4, 2026 10:32 PM"
Evil Robots Manufacture Icy Poles To Brainwash People,"June 30, 2026",Fear,,No,No,,,Donna Noble,,"August 23, 2026 7:35 PM"
Reporting A Knight Ambush And Trespassing To Authorities,"June 30, 2026",Fear,,No,No,,,,,"August 23, 2026 6:52 PM"
Playing An RTS On The Highway Until My Neighbours Give Up,"June 23, 2026",Surprise,"  • The terrain in alpha missions resemble grand canyons in Warzone 2100. I built Ripple Rocket Batteries in beta 7 missions onward to destroy enemy batteries and stop approaching units.",No,No,,,,,"September 20, 2026 3:03 AM"
Crossing An Underpass With Spiders On It,"June 18, 2026",Fear,,No,No,,,,,"August 23, 2026 2:34 AM"
Trapped In A Dream With Ratchet's Star Explorer,"January 1, 2008",Fear,"  • Ratchet’s Star Explorer from Ratchet And Clank 3: https://ratchetandclank.fandom.com/wiki/Star_Explorer.",No,No,"  • I forgot the rest of the dream.",,,Trapped In A Dream,"October 4, 2026 9:58 PM"
Confronting A Large Spider In My Room Gone Wrong,"July 2, 2026",Fear,,No,No,,Dad,,,"August 23, 2026 6:55 PM"
Visiting The HQ Of A Strange Muffin Company,"July 4, 2026",Surprise,,No,No,"  • I forgot most of the dream and dialogue.",Joshua O,,,"September 28, 2026 1:40 AM"
Ooze Flood Destroys A Deck,"July 5, 2026",Fear,,No,No,,,,,"August 23, 2026 6:57 PM"
Videogame About Disabling A Security System To Enable PVP,"January 1, 2017",Happy,,No,No,"  • I forgot the rest of the dream.",,,,"September 20, 2026 11:54 PM"
Teaching A Grade Two Class About Computers Gone Wrong,"July 7, 2026",Fear,,No,No,,"Mr Broadway, Mrs Wardle",,,"August 23, 2026 6:59 PM"
Accidentally Launching A Super Firework,"July 7, 2026",Fear,,No,No,,,,,"August 23, 2026 6:57 PM"
Playing A Videogame PVP Duel Around Concrete Blocks,"July 8, 2026",Fear,,No,No,,,,Microdream,"August 22, 2026 4:29 AM"
Rescuing Crew Members On A Spaceship From Aliens And Rogue Robots,"July 9, 2026",Surprise,,No,No,,,David Tennant,,"August 23, 2026 7:01 PM"
Escaping A Tornado Forming Beside My Unit Complex,"July 13, 2026",Fear,,No,No,,"Brother, Dad, Mum",,,"August 22, 2026 9:21 PM"
Discovering Elderly People Learning Computer Science In A Shopping Mall,"July 13, 2026",Fear,"  • I recently watched a few old database lectures from my university.
  • I chose to study online from Covid onwards to avoid wasting time travelling to university, especially since I felt like classes weren’t worth attending in-person. I watched lectures live or as pre-recordings. Some lectures were recycled from previous years.
  • I feel like my university is old, outdated, and an impersonal automated system.
  • I feel like I’ve been at university for too long.",Yes,No,,,,,"October 4, 2026 5:32 PM"
Robbed By A Notorious Criminal While Staying At A Motel,"July 17, 2026",Fear,"  • El Macho from Despicable Me 2.",No,No,,"Brother, Dad, Mum",El Macho,,"September 20, 2026 3:04 AM"
Man Saves Crew In A Helicopter Crash,"July 18, 2026",Fear,,No,No,,,,,"August 22, 2026 3:34 AM"
Getting A Strange Flamethrower Toy From Big W And Fleeing Zombies,"July 21, 2026",Surprise,,No,No,,,,,"July 24, 2026 12:25 PM"
Shadow Figure Standing In My Doorway,"July 24, 2026",Fear,"  • I recently generated AI images of the sword pose and a geometric monster that both represented dictatorships.",No,No,,,,"False Awakening, Nightmare","September 20, 2026 3:04 AM"
Popping A Large Pimple On My Lip,"July 22, 2026",Disgust,,No,No,,,,,"August 23, 2026 2:51 AM"
Playing A Videogame About Building To Survive Monsters,"August 5, 2026",Fear,,No,No,,,,,"August 23, 2026 7:03 PM"
Investigating The Origin Of A Weather Balloon Outside My Unit Complex,"August 6, 2026",Surprise,,No,No,,"Brother, Dad, Mum",,,"August 23, 2026 2:31 AM"
Kidnapped By Gang Members And Escaping,"August 7, 2026",Fear,,No,No,,,,,"August 23, 2026 2:31 AM"
Delivering Japanese Food To My Classmates Gone Wrong,"August 13, 2026",Fear,"  • Recently going to a mall in Brisbane City and buying Teriyaki Chicken which they put in a takeaway paper bowl and I thought it tasted amazing.",No,No,,Gavin W,,,"September 20, 2026 3:05 AM"
Rescuing A Live Streamer From Being Raped,"August 16, 2026",Fear,,No,Yes,,,,,"August 23, 2026 7:05 PM"
Experimenting With Perks In Anomalous Activities: Sierra Protocol,"August 16, 2026",Fear,"  • The I.A.T.D Armor Plate only absorbs 1 hit from the monster in Anomalous Activities: Sierra Protocol. I feel like it’s useless.",No,No,,,,,"September 28, 2026 1:42 AM"
Robbing A Skyscraper Bank,"August 20, 2026",Fear,"  • I saw Frieda Pilkington in the Animal Farm trailer.",No,No,,Dejan C,,,"September 20, 2026 3:06 AM"
Building Dump Truck Robots To Clean-up Leaves,"August 26, 2026",Happy,,No,No,,,,,"August 26, 2026 3:54 PM"
Walking Home From Secondary School But Strange Things Happen,"August 26, 2026",Fear,,No,No,,,,,"August 26, 2026 4:42 PM"
Visiting A YouTube Award Ceremony Gone Wrong,"August 27, 2026",Fear,,No,No,,,"Elon Musk, Gordon Ramsay, Katy Perry",,"August 27, 2026 6:02 PM"
Playing Team Fortress 2 And Failing To Headshot Enemies From An Apartment,"August 27, 2026",Fear,,No,No,,,"Pyro, Sniper",,"August 28, 2026 5:11 PM"
Investigating Bombs Planted On A Platform,"August 28, 2026",Fear,,No,No,,,,,"August 28, 2026 5:10 PM"
Investigating A UFO That Stole My DIY UFO,"August 31, 2026",Surprise,,No,No,,,,,"August 31, 2026 4:46 PM"
Playing The Conquerors 3 But Losing By Failing To Upgrade My Economy,"September 3, 2026",Anger,,No,No,,,,,"September 3, 2026 5:59 PM"
Driving Past Vinnies Christmas Decorations,"January 1, 2020",Surprise,,No,No,,"Brother, Dad, Mum",,,"September 6, 2026 4:57 PM"
Five Tornados Form At My Primary School,"September 5, 2026",Fear,,No,No,,Mum,,,"September 6, 2026 5:12 PM"